"","Id","ActivityDate","TotalSteps","TotalDistance","VeryActiveDistance","ModeratelyActiveDistance","LightActiveDistance","VeryActiveMinutes","FairlyActiveMinutes","LightlyActiveMinutes","SedentaryMinutes","Calories","ActiveMinutesTotal"
"1",1503960366,"4/12/2016",13162,8.5,1.879999995,0.5500000119,6.059999943,25,13,328,728,1985,366
"2",1503960366,"4/13/2016",10735,6.96999979,1.570000052,0.6899999976,4.710000038,21,19,217,776,1797,257
"3",1503960366,"4/14/2016",10460,6.739999771,2.440000057,0.400000006,3.910000086,30,11,181,1218,1776,222
"4",1503960366,"4/15/2016",9762,6.28000021,2.140000105,1.25999999,2.829999924,29,34,209,726,1745,272
"5",1503960366,"4/16/2016",12669,8.159999847,2.710000038,0.4099999964,5.039999962,36,10,221,773,1863,267
"6",1503960366,"4/17/2016",9705,6.480000019,3.190000057,0.7799999714,2.50999999,38,20,164,539,1728,222
"7",1503960366,"4/18/2016",13019,8.590000153,3.25,0.6399999857,4.710000038,42,16,233,1149,1921,291
"8",1503960366,"4/19/2016",15506,9.880000114,3.529999971,1.320000052,5.03000021,50,31,264,775,2035,345
"9",1503960366,"4/20/2016",10544,6.679999828,1.960000038,0.4799999893,4.239999771,28,12,205,818,1786,245
"10",1503960366,"4/21/2016",9819,6.340000153,1.340000033,0.349999994,4.650000095,19,8,211,838,1775,238
"11",1503960366,"4/22/2016",12764,8.130000114,4.760000229,1.120000005,2.24000001,66,27,130,1217,1827,223
"12",1503960366,"4/23/2016",14371,9.039999962,2.809999943,0.8700000048,5.360000134,41,21,262,732,1949,324
"13",1503960366,"4/24/2016",10039,6.409999847,2.920000076,0.2099999934,3.279999971,39,5,238,709,1788,282
"14",1503960366,"4/25/2016",15355,9.800000191,5.289999962,0.5699999928,3.940000057,73,14,216,814,2013,303
"15",1503960366,"4/26/2016",13755,8.789999962,2.329999924,0.9200000167,5.539999962,31,23,279,833,1970,333
"16",1503960366,"4/27/2016",18134,12.21000004,6.400000095,0.4099999964,5.409999847,78,11,243,1108,2159,332
"17",1503960366,"4/28/2016",13154,8.529999733,3.539999962,1.159999967,3.789999962,48,28,189,782,1898,265
"18",1503960366,"4/29/2016",11181,7.150000095,1.059999943,0.5,5.579999924,16,12,243,815,1837,271
"19",1503960366,"4/30/2016",14673,9.25,3.559999943,1.419999957,4.269999981,52,34,217,712,1947,303
"20",1503960366,"5/01/2016",10602,6.809999943,2.289999962,1.600000024,2.920000076,33,35,246,730,1820,314
"21",1503960366,"5/02/2016",14727,9.710000038,3.210000038,0.5699999928,5.920000076,41,15,277,798,2004,333
"22",1503960366,"5/03/2016",15103,9.659999847,3.730000019,1.049999952,4.880000114,50,24,254,816,1990,328
"23",1503960366,"5/04/2016",11100,7.150000095,2.460000038,0.8700000048,3.819999933,36,22,203,1179,1819,261
"24",1503960366,"5/05/2016",14070,8.899999619,2.920000076,1.080000043,4.880000114,45,24,250,857,1959,319
"25",1503960366,"5/06/2016",12159,8.029999733,1.970000029,0.25,5.809999943,24,6,289,754,1896,319
"26",1503960366,"5/07/2016",11992,7.710000038,2.460000038,2.119999886,3.130000114,37,46,175,833,1821,258
"27",1503960366,"5/08/2016",10060,6.579999924,3.529999971,0.3199999928,2.730000019,44,8,203,574,1740,255
"28",1503960366,"5/09/2016",12022,7.71999979,3.450000048,0.5299999714,3.74000001,46,11,206,835,1819,263
"29",1503960366,"5/10/2016",12207,7.769999981,3.349999905,1.159999967,3.25999999,46,31,214,746,1859,291
"30",1503960366,"5/11/2016",12770,8.130000114,2.559999943,1.00999999,4.550000191,36,23,251,669,1783,310
"31",1503960366,"5/12/2016",0,0,0,0,0,0,0,0,1440,0,0
"32",1624580081,"4/12/2016",8163,5.309999943,0,0,5.309999943,0,0,146,1294,1432,146
"33",1624580081,"4/13/2016",7007,4.550000191,0,0,4.550000191,0,0,148,1292,1411,148
"34",1624580081,"4/14/2016",9107,5.920000076,0,0,5.909999847,0,0,236,1204,1572,236
"35",1624580081,"4/15/2016",1510,0.9800000191,0,0,0.9700000286,0,0,96,1344,1344,96
"36",1624580081,"4/16/2016",5370,3.49000001,0,0,3.49000001,0,0,176,1264,1463,176
"37",1624580081,"4/17/2016",6175,4.059999943,1.029999971,1.519999981,1.49000001,15,22,127,1276,1554,164
"38",1624580081,"4/18/2016",10536,7.409999847,2.150000095,0.6200000048,4.619999886,17,7,202,1214,1604,226
"39",1624580081,"4/19/2016",2916,1.899999976,0,0,1.899999976,0,0,141,1299,1435,141
"40",1624580081,"4/20/2016",4974,3.230000019,0,0,3.230000019,0,0,151,1289,1446,151
"41",1624580081,"4/21/2016",6349,4.130000114,0,0,4.110000134,0,0,186,1254,1467,186
"42",1624580081,"4/22/2016",4026,2.619999886,0,0,2.599999905,0,0,199,1241,1470,199
"43",1624580081,"4/23/2016",8538,5.550000191,0,0,5.539999962,0,0,227,1213,1562,227
"44",1624580081,"4/24/2016",6076,3.950000048,1.149999976,0.9100000262,1.889999986,16,18,185,1221,1617,219
"45",1624580081,"4/25/2016",6497,4.21999979,0,0,4.199999809,0,0,202,1238,1492,202
"46",1624580081,"4/26/2016",2826,1.840000033,0,0,1.830000043,0,0,140,1300,1402,140
"47",1624580081,"4/27/2016",8367,5.440000057,1.110000014,1.870000005,2.460000038,17,36,154,1233,1670,207
"48",1624580081,"4/28/2016",2759,1.789999962,0,0.200000003,1.600000024,0,5,115,1320,1401,120
"49",1624580081,"4/29/2016",2390,1.549999952,0,0,1.549999952,0,0,150,1290,1404,150
"50",1624580081,"4/30/2016",6474,4.300000191,0.8999999762,1.279999971,2.119999886,11,23,224,1182,1655,258
"51",1624580081,"5/01/2016",36019,28.03000069,21.92000008,4.190000057,1.909999967,186,63,171,1020,2690,420
"52",1624580081,"5/02/2016",7155,4.929999828,0.8600000143,0.5899999738,3.470000029,7,6,166,1261,1497,179
"53",1624580081,"5/03/2016",2100,1.370000005,0,0,1.340000033,0,0,96,1344,1334,96
"54",1624580081,"5/04/2016",2193,1.429999948,0,0,1.419999957,0,0,118,1322,1368,118
"55",1624580081,"5/05/2016",2470,1.610000014,0,0,1.580000043,0,0,117,1323,1370,117
"56",1624580081,"5/06/2016",1727,1.120000005,0,0,1.120000005,0,0,102,1338,1341,102
"57",1624580081,"5/07/2016",2104,1.370000005,0,0,1.370000005,0,0,182,1258,1474,182
"58",1624580081,"5/08/2016",3427,2.230000019,0,0,2.220000029,0,0,152,1288,1427,152
"59",1624580081,"5/09/2016",1732,1.129999995,0,0,1.129999995,0,0,91,1349,1328,91
"60",1624580081,"5/10/2016",2969,1.929999948,0,0,1.919999957,0,0,139,1301,1393,139
"61",1624580081,"5/11/2016",3134,2.039999962,0,0,2.039999962,0,0,112,1328,1359,112
"62",1624580081,"5/12/2016",2971,1.929999948,0,0,1.919999957,0,0,107,890,1002,107
"63",1644430081,"4/12/2016",10694,7.769999981,0.1400000006,2.299999952,5.329999924,2,51,256,1131,3199,309
"64",1644430081,"4/13/2016",8001,5.820000172,2.279999971,0.8999999762,2.640000105,30,16,135,1259,2902,181
"65",1644430081,"4/14/2016",11037,8.020000458,0.3600000143,2.559999943,5.099999905,5,58,252,1125,3226,315
"66",1644430081,"4/15/2016",5263,3.829999924,0.2199999988,0.150000006,3.450000048,3,4,170,1263,2750,177
"67",1644430081,"4/16/2016",15300,11.11999989,4.099999905,1.879999995,5.090000153,51,42,212,1135,3493,305
"68",1644430081,"4/17/2016",8757,6.369999886,2.25,0.5699999928,3.549999952,29,13,186,1212,3011,228
"69",1644430081,"4/18/2016",7132,5.190000057,1.070000052,1.669999957,2.450000048,15,33,121,1271,2806,169
"70",1644430081,"4/19/2016",11256,8.180000305,0.3600000143,2.529999971,5.300000191,5,58,278,1099,3300,341
"71",1644430081,"4/20/2016",2436,1.769999981,0,0,1.75999999,0,0,125,1315,2430,125
"72",1644430081,"4/21/2016",1223,0.8899999857,0,0,0.8799999952,0,0,38,1402,2140,38
"73",1644430081,"4/22/2016",3673,2.670000076,0,0,2.660000086,0,0,86,1354,2344,86
"74",1644430081,"4/23/2016",6637,4.829999924,0,0.5799999833,4.25,0,15,160,1265,2677,175
"75",1644430081,"4/24/2016",3321,2.410000086,0,0,2.410000086,0,0,89,1351,2413,89
"76",1644430081,"4/25/2016",3580,2.599999905,0.5899999738,0.05999999866,1.950000048,8,1,94,1337,2497,103
"77",1644430081,"4/26/2016",9919,7.210000038,0.8000000119,1.720000029,4.690000057,11,41,223,1165,3123,275
"78",1644430081,"4/27/2016",3032,2.200000048,0,0,2.200000048,0,0,118,1322,2489,118
"79",1644430081,"4/28/2016",9405,6.840000153,0.200000003,2.319999933,4.309999943,3,53,227,1157,3108,283
"80",1644430081,"4/29/2016",3176,2.309999943,0,0,2.309999943,0,0,120,1193,2498,120
"81",1644430081,"4/30/2016",18213,13.23999977,0.6299999952,3.140000105,9.460000038,9,71,402,816,3846,482
"82",1644430081,"5/01/2016",6132,4.460000038,0.2399999946,0.9900000095,3.230000019,3,24,146,908,2696,173
"83",1644430081,"5/02/2016",3758,2.730000019,0.0700000003,0.3100000024,2.349999905,1,7,148,682,2580,156
"84",1644430081,"5/03/2016",12850,9.340000153,0.7200000286,4.090000153,4.539999962,10,94,221,1115,3324,325
"85",1644430081,"5/04/2016",2309,1.679999948,0,0,1.659999967,0,0,52,1388,2222,52
"86",1644430081,"5/05/2016",4363,3.190000057,0.5199999809,0.5400000215,2.130000114,6,12,81,1341,2463,99
"87",1644430081,"5/06/2016",9787,7.119999886,0.8199999928,0.2700000107,6.010000229,11,6,369,1054,3328,386
"88",1644430081,"5/07/2016",13372,9.720000267,3.25999999,0.7900000215,5.670000076,41,17,243,1139,3404,301
"89",1644430081,"5/08/2016",6724,4.889999866,0,0,4.880000114,0,0,295,991,2987,295
"90",1644430081,"5/09/2016",6643,4.829999924,2.390000105,0.349999994,2.089999914,32,6,303,1099,3008,341
"91",1644430081,"5/10/2016",9167,6.659999847,0.8799999952,0.8100000024,4.96999979,12,19,155,1254,2799,186
"92",1644430081,"5/11/2016",1329,0.9700000286,0,0,0.9499999881,0,0,49,713,1276,49
"93",1844505072,"4/12/2016",6697,4.429999828,0,0,4.429999828,0,0,339,1101,2030,339
"94",1844505072,"4/13/2016",4929,3.25999999,0,0,3.25999999,0,0,248,1192,1860,248
"95",1844505072,"4/14/2016",7937,5.25,0,0,5.230000019,0,0,373,843,2130,373
"96",1844505072,"4/15/2016",3844,2.539999962,0,0,2.539999962,0,0,176,527,1725,176
"97",1844505072,"4/16/2016",3414,2.25999999,0,0,2.25999999,0,0,147,1293,1657,147
"98",1844505072,"4/17/2016",4525,2.99000001,0.1400000006,0.2599999905,2.589999914,2,8,199,1231,1793,209
"99",1844505072,"4/18/2016",4597,3.039999962,0,0.4799999893,2.559999943,0,12,217,1211,1814,229
"100",1844505072,"4/19/2016",197,0.1299999952,0,0,0.1299999952,0,0,10,1430,1366,10
"101",1844505072,"4/20/2016",8,0.009999999776,0,0,0.009999999776,0,0,1,1439,1349,1
"102",1844505072,"4/21/2016",8054,5.320000172,0.1199999973,0.5199999809,4.679999828,2,13,308,1117,2062,323
"103",1844505072,"4/22/2016",5372,3.549999952,0,0,3.549999952,0,0,220,1220,1827,220
"104",1844505072,"4/23/2016",3570,2.359999895,0,0,2.359999895,0,0,139,1301,1645,139
"105",1844505072,"4/24/2016",0,0,0,0,0,0,0,0,1440,1347,0
"106",1844505072,"4/25/2016",0,0,0,0,0,0,0,0,1440,1347,0
"107",1844505072,"4/26/2016",0,0,0,0,0,0,0,0,1440,1347,0
"108",1844505072,"4/27/2016",4,0,0,0,0,0,0,1,1439,1348,1
"109",1844505072,"4/28/2016",6907,4.570000172,0,0,4.559999943,0,0,302,1138,1992,302
"110",1844505072,"4/29/2016",4920,3.25,0,0,3.25,0,0,247,1082,1856,247
"111",1844505072,"4/30/2016",4014,2.670000076,0,0,2.650000095,0,0,184,218,1763,184
"112",1844505072,"5/01/2016",2573,1.700000048,0,0.2599999905,1.450000048,0,7,75,585,1541,82
"113",1844505072,"5/02/2016",0,0,0,0,0,0,0,0,1440,1348,0
"114",1844505072,"5/03/2016",4059,2.680000067,0,0,2.680000067,0,0,184,1256,1742,184
"115",1844505072,"5/04/2016",2080,1.370000005,0,0,1.370000005,0,0,87,1353,1549,87
"116",1844505072,"5/05/2016",2237,1.480000019,0,0,1.480000019,0,0,120,1320,1589,120
"117",1844505072,"5/06/2016",44,0.02999999933,0,0,0.02999999933,0,0,2,1438,1351,2
"118",1844505072,"5/07/2016",0,0,0,0,0,0,0,0,1440,1347,0
"119",1844505072,"5/08/2016",0,0,0,0,0,0,0,0,1440,1347,0
"120",1844505072,"5/09/2016",0,0,0,0,0,0,0,0,1440,1347,0
"121",1844505072,"5/10/2016",0,0,0,0,0,0,0,0,1440,1347,0
"122",1844505072,"5/11/2016",0,0,0,0,0,0,0,0,1440,1347,0
"123",1844505072,"5/12/2016",0,0,0,0,0,0,0,0,711,665,0
"124",1927972279,"4/12/2016",678,0.4699999988,0,0,0.4699999988,0,0,55,734,2220,55
"125",1927972279,"4/13/2016",356,0.25,0,0,0.25,0,0,32,986,2151,32
"126",1927972279,"4/14/2016",2163,1.5,0,0.400000006,1.100000024,0,9,88,1292,2383,97
"127",1927972279,"4/15/2016",980,0.6800000072,0,0,0.6800000072,0,0,51,941,2221,51
"128",1927972279,"4/16/2016",0,0,0,0,0,0,0,0,1440,2064,0
"129",1927972279,"4/17/2016",0,0,0,0,0,0,0,0,1440,2063,0
"130",1927972279,"4/18/2016",244,0.1700000018,0,0,0.1700000018,0,0,17,1423,2111,17
"131",1927972279,"4/19/2016",0,0,0,0,0,0,0,0,1440,2063,0
"132",1927972279,"4/20/2016",0,0,0,0,0,0,0,0,1440,2063,0
"133",1927972279,"4/21/2016",0,0,0,0,0,0,0,0,1440,2064,0
"134",1927972279,"4/22/2016",149,0.1000000015,0,0,0.1000000015,0,0,10,1430,2093,10
"135",1927972279,"4/23/2016",2945,2.039999962,0,0,2.039999962,0,0,145,1295,2499,145
"136",1927972279,"4/24/2016",2090,1.450000048,0.0700000003,0.2399999946,1.139999986,1,6,75,1358,2324,82
"137",1927972279,"4/25/2016",152,0.1099999994,0,0,0.1099999994,0,0,12,1303,2100,12
"138",1927972279,"4/26/2016",3761,2.599999905,0,0,2.599999905,0,0,192,1058,2638,192
"139",1927972279,"4/27/2016",0,0,0,0,0,0,0,0,1440,2063,0
"140",1927972279,"4/28/2016",1675,1.159999967,0,0,1.159999967,0,0,95,1167,2351,95
"141",1927972279,"4/29/2016",0,0,0,0,0,0,0,0,1440,2063,0
"142",1927972279,"4/30/2016",0,0,0,0,0,0,0,0,1440,2064,0
"143",1927972279,"5/01/2016",2704,1.870000005,1.00999999,0.02999999933,0.8299999833,14,1,70,1355,2411,85
"144",1927972279,"5/02/2016",3790,2.619999886,1.159999967,0.3000000119,1.159999967,16,8,94,1322,2505,118
"145",1927972279,"5/03/2016",1326,0.9200000167,0.7300000191,0,0.1800000072,10,0,17,1413,2195,27
"146",1927972279,"5/04/2016",1786,1.24000001,0,0,1.24000001,0,0,87,1353,2338,87
"147",1927972279,"5/05/2016",0,0,0,0,0,0,0,0,1440,2063,0
"148",1927972279,"5/06/2016",2091,1.450000048,0,0,1.450000048,0,0,108,1332,2383,108
"149",1927972279,"5/07/2016",1510,1.039999962,0,0,1.039999962,0,0,48,1392,2229,48
"150",1927972279,"5/08/2016",0,0,0,0,0,0,0,0,1440,2063,0
"151",1927972279,"5/09/2016",0,0,0,0,0,0,0,0,1440,2063,0
"152",1927972279,"5/10/2016",0,0,0,0,0,0,0,0,1440,2063,0
"153",1927972279,"5/11/2016",0,0,0,0,0,0,0,0,1440,2063,0
"154",1927972279,"5/12/2016",0,0,0,0,0,0,0,0,966,1383,0
"155",2022484408,"4/12/2016",11875,8.340000153,3.309999943,0.7699999809,4.260000229,42,14,227,1157,2390,283
"156",2022484408,"4/13/2016",12024,8.5,2.99000001,0.1000000015,5.409999847,43,5,292,1100,2601,340
"157",2022484408,"4/14/2016",10690,7.5,2.480000019,0.2099999934,4.820000172,32,3,257,1148,2312,292
"158",2022484408,"4/15/2016",11034,8.029999733,1.940000057,0.3100000024,5.78000021,27,9,282,1122,2525,318
"159",2022484408,"4/16/2016",10100,7.090000153,3.150000095,0.5500000119,3.390000105,41,11,151,1237,2177,203
"160",2022484408,"4/17/2016",15112,11.39999962,3.869999886,0.6600000262,6.880000114,28,29,331,1052,2782,388
"161",2022484408,"4/18/2016",14131,10.06999969,3.640000105,0.1199999973,6.300000191,48,3,311,1078,2770,362
"162",2022484408,"4/19/2016",11548,8.529999733,3.289999962,0.2399999946,5,31,7,250,1152,2489,288
"163",2022484408,"4/20/2016",15112,10.67000008,3.339999914,1.929999948,5.400000095,48,63,276,1053,2897,387
"164",2022484408,"4/21/2016",12453,8.739999771,3.329999924,1.110000014,4.309999943,104,53,255,1028,3158,412
"165",2022484408,"4/22/2016",12954,9.329999924,4.429999828,0.4199999869,4.46999979,52,10,273,1105,2638,335
"166",2022484408,"4/23/2016",6001,4.210000038,0,0,4.210000038,0,0,249,1191,2069,249
"167",2022484408,"4/24/2016",13481,10.27999973,4.550000191,1.149999976,4.579999924,37,26,216,1161,2529,279
"168",2022484408,"4/25/2016",11369,8.010000229,3.329999924,0.2199999988,4.460000038,44,8,217,1171,2470,269
"169",2022484408,"4/26/2016",10119,7.190000057,1.429999948,0.6600000262,5.110000134,55,24,275,1086,2793,354
"170",2022484408,"4/27/2016",10159,7.130000114,1.039999962,0.9700000286,5.119999886,19,20,282,1119,2463,321
"171",2022484408,"4/28/2016",10140,7.119999886,0.4099999964,1.330000043,5.389999866,6,20,291,1123,2296,317
"172",2022484408,"4/29/2016",10245,7.190000057,0.4799999893,1.210000038,5.5,21,40,281,1098,2611,342
"173",2022484408,"4/30/2016",18387,12.90999985,0.9399999976,1.399999976,10.56999969,13,23,361,1043,2732,397
"174",2022484408,"5/01/2016",10538,7.400000095,1.940000057,0.9599999785,4.5,25,28,245,1142,2380,298
"175",2022484408,"5/02/2016",10379,7.289999962,2.609999895,0.3400000036,4.329999924,36,8,277,1119,2473,321
"176",2022484408,"5/03/2016",12183,8.739999771,3.99000001,0.4600000083,4.28000021,72,14,250,1104,2752,336
"177",2022484408,"5/04/2016",11768,8.289999962,2.50999999,0.9300000072,4.849999905,36,27,272,1105,2649,335
"178",2022484408,"5/05/2016",11895,8.350000381,2.789999962,0.8600000143,4.699999809,55,20,253,1112,2609,328
"179",2022484408,"5/06/2016",10227,7.179999828,1.870000005,0.6700000167,4.639999866,24,17,295,1104,2498,336
"180",2022484408,"5/07/2016",6708,4.710000038,1.610000014,0.07999999821,3.019999981,20,2,149,1269,1995,171
"181",2022484408,"5/08/2016",3292,2.309999943,0,0,2.309999943,0,0,135,1305,1848,135
"182",2022484408,"5/09/2016",13379,9.390000343,2.119999886,1.629999995,5.639999866,35,47,297,1061,2709,379
"183",2022484408,"5/10/2016",12798,8.979999542,2.220000029,1.210000038,5.559999943,57,28,271,1084,2797,356
"184",2022484408,"5/11/2016",13272,9.319999695,4.179999828,1.149999976,3.99000001,58,25,224,1133,2544,307
"185",2022484408,"5/12/2016",9117,6.409999847,1.279999971,0.6700000167,4.440000057,16,16,236,728,1853,268
"186",2026352035,"4/12/2016",4414,2.74000001,0.1899999976,0.349999994,2.200000048,3,8,181,706,1459,192
"187",2026352035,"4/13/2016",4993,3.099999905,0,0,3.099999905,0,0,238,663,1521,238
"188",2026352035,"4/14/2016",3335,2.069999933,0,0,2.049999952,0,0,197,653,1431,197
"189",2026352035,"4/15/2016",3821,2.369999886,0,0,2.369999886,0,0,188,687,1444,188
"190",2026352035,"4/16/2016",2547,1.580000043,0,0,1.580000043,0,0,150,728,1373,150
"191",2026352035,"4/17/2016",838,0.5199999809,0,0,0.5199999809,0,0,60,1053,1214,60
"192",2026352035,"4/18/2016",3325,2.059999943,0,0,2.059999943,0,0,182,1062,1419,182
"193",2026352035,"4/19/2016",2424,1.5,0,0,1.5,0,0,141,785,1356,141
"194",2026352035,"4/20/2016",7222,4.480000019,0,0,4.480000019,0,0,327,623,1667,327
"195",2026352035,"4/21/2016",2467,1.529999971,0,0,1.529999971,0,0,153,749,1370,153
"196",2026352035,"4/22/2016",2915,1.809999943,0,0,1.809999943,0,0,162,712,1399,162
"197",2026352035,"4/23/2016",12357,7.710000038,0,0,7.710000038,0,0,432,458,1916,432
"198",2026352035,"4/24/2016",3490,2.160000086,0,0,2.160000086,0,0,164,704,1401,164
"199",2026352035,"4/25/2016",6017,3.730000019,0,0,3.730000019,0,0,260,821,1576,260
"200",2026352035,"4/26/2016",5933,3.680000067,0,0,3.680000067,0,0,288,1018,1595,288
"201",2026352035,"4/27/2016",6088,3.769999981,0,0,3.769999981,0,0,286,586,1593,286
"202",2026352035,"4/28/2016",6375,3.950000048,0,0,3.950000048,0,0,331,626,1649,331
"203",2026352035,"4/29/2016",7604,4.710000038,0,0,4.710000038,0,0,352,492,1692,352
"204",2026352035,"4/30/2016",4729,2.930000067,0,0,2.930000067,0,0,233,594,1506,233
"205",2026352035,"5/01/2016",3609,2.279999971,0,0,2.279999971,0,0,191,716,1447,191
"206",2026352035,"5/02/2016",7018,4.349999905,0,0,4.349999905,0,0,355,716,1690,355
"207",2026352035,"5/03/2016",5992,3.720000029,0,0,3.720000029,0,0,304,981,1604,304
"208",2026352035,"5/04/2016",6564,4.070000172,0,0,4.070000172,0,0,345,530,1658,345
"209",2026352035,"5/05/2016",12167,7.539999962,0,0,7.539999962,0,0,475,479,1926,475
"210",2026352035,"5/06/2016",8198,5.079999924,0,0,5.079999924,0,0,383,511,1736,383
"211",2026352035,"5/07/2016",4193,2.599999905,0,0,2.599999905,0,0,229,665,1491,229
"212",2026352035,"5/08/2016",5528,3.450000048,0,0,3.450000048,0,0,258,610,1555,258
"213",2026352035,"5/09/2016",10685,6.619999886,0,0,6.599999905,0,0,401,543,1869,401
"214",2026352035,"5/10/2016",254,0.1599999964,0,0,0.1599999964,0,0,17,1002,1141,17
"215",2026352035,"5/11/2016",8580,5.320000172,0,0,5.320000172,0,0,330,569,1698,330
"216",2026352035,"5/12/2016",8891,5.510000229,0,0,5.510000229,0,0,343,330,1364,343
"217",2320127002,"4/12/2016",10725,7.489999771,1.169999957,0.3100000024,6.010000229,13,9,306,1112,2124,328
"218",2320127002,"4/13/2016",7275,4.900000095,0,0,4.900000095,0,0,335,1105,2003,335
"219",2320127002,"4/14/2016",3973,2.680000067,0,0,2.680000067,0,0,191,1249,1696,191
"220",2320127002,"4/15/2016",5205,3.50999999,0,0,3.50999999,0,0,245,1195,1801,245
"221",2320127002,"4/16/2016",5057,3.410000086,0,0,3.400000095,0,0,195,1245,1724,195
"222",2320127002,"4/17/2016",6198,4.179999828,0,0,4.179999828,0,0,249,1191,1852,249
"223",2320127002,"4/18/2016",6559,4.420000076,0,0.2599999905,4.139999866,0,7,260,1173,1905,267
"224",2320127002,"4/19/2016",5997,4.039999962,0,0.3799999952,3.660000086,0,11,228,1201,1811,239
"225",2320127002,"4/20/2016",7192,4.849999905,0,0.4900000095,4.340000153,0,11,283,1146,1922,294
"226",2320127002,"4/21/2016",3404,2.289999962,0.05999999866,0.4199999869,1.809999943,1,10,127,1302,1610,138
"227",2320127002,"4/22/2016",5583,3.75999999,0,0,3.75999999,0,0,266,1174,1851,266
"228",2320127002,"4/23/2016",5079,3.420000076,0,0,3.420000076,0,0,242,1129,1804,242
"229",2320127002,"4/24/2016",4165,2.809999943,0,0,2.799999952,0,0,204,1236,1725,204
"230",2320127002,"4/25/2016",3588,2.420000076,0.2300000042,0.200000003,1.99000001,3,5,152,1280,1654,160
"231",2320127002,"4/26/2016",3409,2.299999952,0,0,2.299999952,0,0,147,1293,1632,147
"232",2320127002,"4/27/2016",1715,1.159999967,0,0,1.159999967,0,0,82,1358,1481,82
"233",2320127002,"4/28/2016",1532,1.029999971,0,0,1.029999971,0,0,76,1364,1473,76
"234",2320127002,"4/29/2016",924,0.6200000048,0,0,0.6200000048,0,0,45,1395,1410,45
"235",2320127002,"4/30/2016",4571,3.079999924,0,0,3.069999933,0,0,234,1206,1779,234
"236",2320127002,"5/01/2016",772,0.5199999809,0,0,0.5199999809,0,0,40,1400,1403,40
"237",2320127002,"5/02/2016",3634,2.450000048,0.3600000143,0.2099999934,1.879999995,5,6,123,1306,1613,134
"238",2320127002,"5/03/2016",7443,5.019999981,1.49000001,0.3700000048,3.160000086,20,10,206,1204,1878,236
"239",2320127002,"5/04/2016",1201,0.8100000024,0,0,0.8100000024,0,0,52,1388,1426,52
"240",2320127002,"5/05/2016",5202,3.50999999,0,0.3899999857,3.109999895,0,11,223,1206,1780,234
"241",2320127002,"5/06/2016",4878,3.289999962,0,0,3.289999962,0,0,204,1236,1742,204
"242",2320127002,"5/07/2016",7379,4.96999979,0,0,4.96999979,0,0,319,1121,1972,319
"243",2320127002,"5/08/2016",5161,3.480000019,0,0,3.470000029,0,0,247,1193,1821,247
"244",2320127002,"5/09/2016",3090,2.079999924,0,0,2.079999924,0,0,145,1295,1630,145
"245",2320127002,"5/10/2016",6227,4.199999809,0,0,4.199999809,0,0,290,1150,1899,290
"246",2320127002,"5/11/2016",6424,4.329999924,0,0,4.329999924,0,0,300,1140,1903,300
"247",2320127002,"5/12/2016",2661,1.789999962,0,0,1.789999962,0,0,128,830,1125,128
"248",2347167796,"4/12/2016",10113,6.829999924,2,0.6200000048,4.199999809,28,13,320,964,2344,361
"249",2347167796,"4/13/2016",10352,7.010000229,1.659999967,1.940000057,3.410000086,19,32,195,676,2038,246
"250",2347167796,"4/14/2016",10129,6.699999809,0.01999999955,2.74000001,3.940000057,1,48,206,705,2010,255
"251",2347167796,"4/15/2016",10465,6.920000076,0.0700000003,1.419999957,5.429999828,1,24,284,720,2133,309
"252",2347167796,"4/16/2016",22244,15.07999992,5.449999809,4.099999905,5.53000021,66,72,268,968,2670,406
"253",2347167796,"4/17/2016",5472,3.619999886,0.07999999821,0.2800000012,3.25999999,1,7,249,508,1882,257
"254",2347167796,"4/18/2016",8247,5.449999809,0.7900000215,0.8600000143,3.789999962,11,16,206,678,1944,233
"255",2347167796,"4/19/2016",6711,4.440000057,0,0,4.440000057,0,7,382,648,2346,389
"256",2347167796,"4/20/2016",10999,7.269999981,0.6800000072,1.809999943,4.78000021,11,43,269,1011,2198,323
"257",2347167796,"4/21/2016",10080,6.75,1.850000024,1.529999971,3.380000114,23,26,208,761,2048,257
"258",2347167796,"4/22/2016",7804,5.159999847,0.5600000024,1.679999948,2.920000076,9,27,206,781,1946,242
"259",2347167796,"4/23/2016",16901,11.36999989,2.779999971,1.450000048,7.150000095,32,35,360,591,2629,427
"260",2347167796,"4/24/2016",9471,6.260000229,0,0,6.260000229,0,0,360,584,2187,360
"261",2347167796,"4/25/2016",9482,6.380000114,1.269999981,0.5199999809,4.599999905,15,11,277,653,2095,303
"262",2347167796,"4/26/2016",5980,3.950000048,0,0,3.950000048,0,0,227,732,1861,227
"263",2347167796,"4/27/2016",11423,7.579999924,1.860000014,0.400000006,5.320000172,26,9,295,623,2194,330
"264",2347167796,"4/28/2016",5439,3.599999905,0,0,3.599999905,0,0,229,764,1854,229
"265",2347167796,"4/29/2016",42,0.02999999933,0,0,0.02999999933,0,0,4,2,403,4
"266",2873212765,"4/12/2016",8796,5.909999847,0.1099999994,0.9300000072,4.880000114,2,21,356,1061,1982,379
"267",2873212765,"4/13/2016",7618,5.119999886,0,0.2199999988,4.880000114,0,8,404,1028,2004,412
"268",2873212765,"4/14/2016",7910,5.320000172,0,0,5.320000172,0,0,331,1109,1893,331
"269",2873212765,"4/15/2016",8482,5.699999809,0,0,5.690000057,0,0,448,992,2063,448
"270",2873212765,"4/16/2016",9685,6.650000095,3.109999895,0.01999999955,3.50999999,47,1,305,1087,2148,353
"271",2873212765,"4/17/2016",2524,1.700000048,0,0.349999994,1.340000033,0,8,160,1272,1529,168
"272",2873212765,"4/18/2016",7762,5.239999771,0.0700000003,0.2800000012,4.889999866,1,6,311,1122,1890,318
"273",2873212765,"4/19/2016",7948,5.369999886,0,0,5.360000134,0,0,389,1051,1956,389
"274",2873212765,"4/20/2016",9202,6.300000191,1.50999999,0.1199999973,4.659999847,22,5,378,1035,2094,405
"275",2873212765,"4/21/2016",8859,5.980000019,0.1299999952,0.3700000048,5.46999979,2,10,371,1057,1970,383
"276",2873212765,"4/22/2016",7286,4.900000095,0.4600000083,0,4.420000076,46,0,366,1028,2241,412
"277",2873212765,"4/23/2016",9317,6.349999905,2.089999914,0.2300000042,4.019999981,28,5,330,1077,2021,363
"278",2873212765,"4/24/2016",6873,4.679999828,3,0.05999999866,1.620000005,46,1,190,1203,1898,237
"279",2873212765,"4/25/2016",7373,4.949999809,0,0,4.949999809,0,0,359,1081,1907,359
"280",2873212765,"4/26/2016",8242,5.539999962,0.1199999973,0.1800000072,5.239999771,2,5,309,1124,1882,316
"281",2873212765,"4/27/2016",3516,2.359999895,0,0,2.359999895,46,0,197,1197,1966,243
"282",2873212765,"4/28/2016",7913,5.409999847,2.160000086,0.3400000036,2.910000086,28,7,213,1192,1835,248
"283",2873212765,"4/29/2016",7365,4.949999809,1.360000014,1.409999967,2.180000067,20,23,206,1191,1780,249
"284",2873212765,"4/30/2016",8452,5.679999828,0.3300000131,1.080000043,4.260000229,5,20,248,1167,1830,273
"285",2873212765,"5/01/2016",7399,4.96999979,0.4900000095,1.039999962,3.440000057,7,18,196,1219,1739,221
"286",2873212765,"5/02/2016",7525,5.059999943,0,0.2099999934,4.829999924,0,7,334,1099,1878,341
"287",2873212765,"5/03/2016",7412,4.980000019,0.05999999866,0.25,4.659999847,1,6,363,1070,1906,370
"288",2873212765,"5/04/2016",8278,5.559999943,0,0,5.559999943,0,0,420,1020,2015,420
"289",2873212765,"5/05/2016",8314,5.610000134,0.7799999714,0.8000000119,4.03000021,13,23,311,1093,1971,347
"290",2873212765,"5/06/2016",7063,4.75,0,0.1199999973,4.610000134,0,5,370,1065,1910,375
"291",2873212765,"5/07/2016",4940,3.380000114,2.279999971,0.5500000119,0.5500000119,75,11,52,1302,1897,138
"292",2873212765,"5/08/2016",8168,5.539999962,2.900000095,0,2.640000105,46,0,326,1068,2096,372
"293",2873212765,"5/09/2016",7726,5.190000057,0,0,5.190000057,0,0,345,1095,1906,345
"294",2873212765,"5/10/2016",8275,5.559999943,0,0,5.550000191,0,0,373,1067,1962,373
"295",2873212765,"5/11/2016",6440,4.329999924,0,0,4.320000172,0,0,319,1121,1826,319
"296",2873212765,"5/12/2016",7566,5.110000134,0,0,5.110000134,0,0,268,720,1431,268
"297",3372868164,"4/12/2016",4747,3.24000001,0,0,3.230000019,0,0,280,1160,1788,280
"298",3372868164,"4/13/2016",9715,6.630000114,0.9900000095,0.3400000036,5.269999981,16,8,371,1045,2093,395
"299",3372868164,"4/14/2016",8844,6.03000021,0.3400000036,1.029999971,4.650000095,6,25,370,1039,2065,401
"300",3372868164,"4/15/2016",7451,5.079999924,0,0,5.059999943,0,0,335,1105,1908,335
"301",3372868164,"4/16/2016",6905,4.730000019,0,0,4.699999809,0,0,356,1084,1908,356
"302",3372868164,"4/17/2016",8199,5.880000114,1.409999967,0.1000000015,4.360000134,11,2,322,1105,1964,335
"303",3372868164,"4/18/2016",6798,4.639999866,1.080000043,0.200000003,3.349999905,20,7,343,1070,2014,370
"304",3372868164,"4/19/2016",7711,5.260000229,0,0,5.239999771,0,0,376,1064,1985,376
"305",3372868164,"4/20/2016",4880,3.329999924,0.8399999738,0.09000000358,2.380000114,15,3,274,1148,1867,292
"306",3372868164,"4/21/2016",8857,6.070000172,1.149999976,0.2599999905,4.639999866,18,9,376,1037,2124,403
"307",3372868164,"4/22/2016",3843,2.619999886,0,0,2.609999895,0,0,206,1234,1669,206
"308",3372868164,"4/23/2016",7396,5.070000172,1.399999976,0.07999999821,3.579999924,20,2,303,1115,1995,325
"309",3372868164,"4/24/2016",6731,4.590000153,0.8899999857,0.1899999976,3.49000001,14,7,292,1127,1921,313
"310",3372868164,"4/25/2016",5995,4.090000153,0,0,4.090000153,0,0,416,1024,2010,416
"311",3372868164,"4/26/2016",8283,5.789999962,1.850000024,0.05000000075,3.869999886,22,2,333,1083,2057,357
"312",3372868164,"4/27/2016",7904,5.420000076,1.580000043,0.6299999952,3.190000057,24,13,346,1057,2095,383
"313",3372868164,"4/28/2016",5512,3.75999999,0,0,3.75999999,0,0,385,1055,1972,385
"314",3372868164,"4/29/2016",9135,6.230000019,0,0,6.21999979,0,0,402,1038,2044,402
"315",3372868164,"4/30/2016",5250,3.579999924,1.059999943,0.09000000358,2.420000076,17,4,300,1119,1946,321
"316",3372868164,"5/01/2016",3077,2.099999905,0,0,2.089999914,0,0,172,842,1237,172
"317",3977333714,"4/12/2016",8856,5.980000019,3.059999943,0.9100000262,2.00999999,44,19,131,777,1450,194
"318",3977333714,"4/13/2016",10035,6.710000038,2.029999971,2.130000114,2.549999952,31,46,153,754,1495,230
"319",3977333714,"4/14/2016",7641,5.110000134,0.3199999928,0.9700000286,3.819999933,5,23,214,801,1433,242
"320",3977333714,"4/15/2016",9010,6.059999943,1.049999952,1.75,3.25999999,15,42,183,644,1468,240
"321",3977333714,"4/16/2016",13459,9,2.029999971,4,2.970000029,31,83,153,663,1625,267
"322",3977333714,"4/17/2016",10415,6.96999979,0.6999999881,2.349999905,3.920000076,11,58,205,600,1529,274
"323",3977333714,"4/18/2016",11663,7.800000191,0.25,3.730000019,3.819999933,4,95,214,605,1584,313
"324",3977333714,"4/19/2016",12414,8.779999733,2.24000001,2.450000048,3.960000038,19,67,221,738,1638,307
"325",3977333714,"4/20/2016",11658,7.829999924,0.200000003,4.349999905,3.279999971,2,98,164,845,1554,264
"326",3977333714,"4/21/2016",6093,4.079999924,0,0,4.059999943,0,0,242,712,1397,242
"327",3977333714,"4/22/2016",8911,5.960000038,2.329999924,0.5799999833,3.059999943,33,12,188,731,1481,233
"328",3977333714,"4/23/2016",12058,8.069999695,0,4.21999979,3.849999905,0,92,252,724,1638,344
"329",3977333714,"4/24/2016",14112,10,3.269999981,4.559999943,2.170000076,30,95,129,660,1655,254
"330",3977333714,"4/25/2016",11177,8.479999542,5.619999886,0.4300000072,2.410000086,50,9,133,781,1570,192
"331",3977333714,"4/26/2016",11388,7.619999886,0.4499999881,4.21999979,2.950000048,7,95,170,797,1551,272
"332",3977333714,"4/27/2016",7193,5.039999962,0,0.4199999869,4.619999886,0,10,176,714,1377,186
"333",3977333714,"4/28/2016",7114,4.880000114,1.370000005,0.2899999917,3.220000029,15,8,190,804,1407,213
"334",3977333714,"4/29/2016",10645,7.75,3.74000001,1.299999952,2.710000038,36,32,150,744,1545,218
"335",3977333714,"4/30/2016",13238,9.199999809,3.690000057,2.099999905,3.410000086,43,52,194,687,1650,289
"336",3977333714,"5/01/2016",10414,7.070000172,2.670000076,1.980000019,2.410000086,41,40,124,691,1501,205
"337",3977333714,"5/02/2016",16520,11.05000019,1.539999962,6.480000019,3.019999981,24,143,176,713,1760,343
"338",3977333714,"5/03/2016",14335,9.590000153,3.319999933,1.74000001,4.53000021,47,41,258,594,1710,346
"339",3977333714,"5/04/2016",13559,9.43999958,1.809999943,4.579999924,2.890000105,14,96,142,852,1628,252
"340",3977333714,"5/05/2016",12312,8.579999924,1.75999999,4.110000134,2.710000038,14,88,178,680,1618,280
"341",3977333714,"5/06/2016",11677,8.279999733,3.109999895,2.50999999,2.670000076,29,55,168,676,1590,252
"342",3977333714,"5/07/2016",11550,7.730000019,0,4.130000114,3.589999914,0,86,208,703,1574,294
"343",3977333714,"5/08/2016",13585,9.090000153,0.6800000072,5.239999771,3.170000076,9,116,171,688,1633,296
"344",3977333714,"5/09/2016",14687,10.07999992,0.7699999809,5.599999905,3.549999952,8,122,151,1159,1667,281
"345",3977333714,"5/10/2016",13072,8.779999733,0.0700000003,5.400000095,3.309999943,1,115,196,676,1630,312
"346",3977333714,"5/11/2016",746,0.5,0.3700000048,0,0.1299999952,4,0,9,13,52,13
"347",4020332650,"4/12/2016",8539,6.119999886,0.150000006,0.2399999946,5.679999828,4,15,331,712,3654,350
"348",4020332650,"4/13/2016",0,0,0,0,0,0,0,0,1440,1981,0
"349",4020332650,"4/14/2016",108,0.07999999821,0,0,0.02999999933,0,0,3,1437,2011,3
"350",4020332650,"4/15/2016",1882,1.350000024,0.2099999934,0.3600000143,0.7699999809,36,18,87,1299,2951,141
"351",4020332650,"4/16/2016",1982,1.419999957,0.4499999881,0.3700000048,0.5899999738,65,21,55,1222,3051,141
"352",4020332650,"4/17/2016",16,0.009999999776,0,0,0.009999999776,0,0,2,1438,1990,2
"353",4020332650,"4/18/2016",62,0.03999999911,0,0,0.03999999911,0,0,2,1438,1995,2
"354",4020332650,"4/19/2016",0,0,0,0,0,0,0,0,1440,1980,0
"355",4020332650,"4/20/2016",0,0,0,0,0,0,0,0,1440,1980,0
"356",4020332650,"4/21/2016",0,0,0,0,0,0,0,0,1440,1980,0
"357",4020332650,"4/22/2016",0,0,0,0,0,0,0,0,1440,1980,0
"358",4020332650,"4/23/2016",0,0,0,0,0,0,0,0,1440,1980,0
"359",4020332650,"4/24/2016",0,0,0,0,0,0,0,0,1440,1980,0
"360",4020332650,"4/25/2016",0,0,0,0,0,0,0,0,1440,1980,0
"361",4020332650,"4/26/2016",0,0,0,0,0,0,0,0,1440,1980,0
"362",4020332650,"4/27/2016",0,0,0,0,0,0,0,0,1440,1980,0
"363",4020332650,"4/28/2016",0,0,0,0,0,0,0,0,1440,1980,0
"364",4020332650,"4/29/2016",0,0,0,0,0,0,0,0,1440,1980,0
"365",4020332650,"4/30/2016",0,0,0,0,0,0,0,0,1440,1980,0
"366",4020332650,"5/01/2016",0,0,0,0,0,0,0,0,1440,1980,0
"367",4020332650,"5/02/2016",475,0.3400000036,0,0.03999999911,0.2899999917,0,11,31,1350,2207,42
"368",4020332650,"5/03/2016",4496,3.220000029,0,0,3.150000095,0,0,174,950,2828,174
"369",4020332650,"5/04/2016",10252,7.349999905,0.6700000167,1.039999962,5.579999924,13,46,346,531,3879,405
"370",4020332650,"5/05/2016",11728,8.430000305,2.619999886,1.679999948,4.039999962,38,42,196,916,3429,276
"371",4020332650,"5/06/2016",4369,3.130000114,0,0,3.099999905,0,0,177,855,2704,177
"372",4020332650,"5/07/2016",6132,4.400000095,0,0,3.579999924,0,0,184,1256,2975,184
"373",4020332650,"5/08/2016",5862,4.199999809,0,0,4.150000095,0,0,263,775,3089,263
"374",4020332650,"5/09/2016",4556,3.269999981,0.200000003,0.1199999973,2.940000057,3,5,173,1225,2785,181
"375",4020332650,"5/10/2016",5546,3.980000019,0,0,3.869999886,0,0,206,774,2926,206
"376",4020332650,"5/11/2016",3689,2.650000095,0.1099999994,0.1700000018,2.329999924,2,8,134,1296,2645,144
"377",4020332650,"5/12/2016",590,0.4199999869,0,0,0.4099999964,0,0,21,721,1120,21
"378",4057192912,"4/12/2016",5394,4.03000021,0,0,3.940000057,0,0,164,1276,2286,164
"379",4057192912,"4/13/2016",5974,4.46999979,0,0,4.369999886,0,0,160,1280,2306,160
"380",4057192912,"4/14/2016",0,0,0,0,0,0,0,0,1440,1776,0
"381",4057192912,"4/15/2016",3984,2.950000048,0.2099999934,0.2599999905,2.440000057,3,6,88,873,1527,97
"382",4319703577,"4/12/2016",7753,5.199999809,0,0,0,0,0,0,1440,2115,0
"383",4319703577,"4/13/2016",8204,5.5,0.5299999714,0.5899999738,1.309999943,8,15,96,1234,2135,119
"384",4319703577,"4/14/2016",10210,6.880000114,0.1099999994,0.3300000131,6.440000057,1,9,339,589,2302,349
"385",4319703577,"4/15/2016",5664,3.799999952,0,0,3.799999952,0,0,228,752,1985,228
"386",4319703577,"4/16/2016",4744,3.180000067,0,0,3.180000067,0,0,194,724,1884,194
"387",4319703577,"4/17/2016",29,0.01999999955,0,0,0.01999999955,0,0,3,1363,1464,3
"388",4319703577,"4/18/2016",2276,1.549999952,0.0700000003,0.3300000131,1.120000005,1,9,58,824,1632,68
"389",4319703577,"4/19/2016",8925,5.989999771,0,0,5.989999771,0,0,311,604,2200,311
"390",4319703577,"4/20/2016",8954,6.010000229,0,0.6800000072,5.309999943,0,18,306,671,2220,324
"391",4319703577,"4/21/2016",3702,2.480000019,0,0,0.349999994,0,0,34,1265,1792,34
"392",4319703577,"4/22/2016",4500,3.019999981,0.05999999866,0.8100000024,2.150000095,1,19,176,709,1886,196
"393",4319703577,"4/23/2016",4935,3.309999943,0,0,3.309999943,0,0,233,546,1945,233
"394",4319703577,"4/24/2016",4081,2.74000001,0.05999999866,0.200000003,2.470000029,1,5,191,692,1880,197
"395",4319703577,"4/25/2016",9259,6.210000038,0,0.2800000012,5.929999828,0,8,390,544,2314,398
"396",4319703577,"4/26/2016",9899,6.639999866,0.5699999928,0.9200000167,5.150000095,8,21,288,649,2236,317
"397",4319703577,"4/27/2016",10780,7.230000019,0.4099999964,1.919999957,4.909999847,6,47,300,680,2324,353
"398",4319703577,"4/28/2016",10817,7.28000021,1.00999999,0.3300000131,5.940000057,13,8,359,552,2367,380
"399",4319703577,"4/29/2016",7990,5.360000134,0.4499999881,0.7900000215,4.119999886,6,18,289,624,2175,313
"400",4319703577,"4/30/2016",8221,5.519999981,0.400000006,1.610000014,3.50999999,6,38,196,695,2092,240
"401",4319703577,"5/01/2016",1251,0.8399999738,0,0,0.8399999738,0,0,67,836,1593,67
"402",4319703577,"5/02/2016",9261,6.239999771,0,0.4399999976,5.710000038,0,11,344,585,2270,355
"403",4319703577,"5/03/2016",9648,6.46999979,0.5799999833,1.070000052,4.829999924,8,26,287,669,2235,321
"404",4319703577,"5/04/2016",10429,7.019999981,0.5899999738,0.5799999833,5.849999905,8,13,313,1106,2282,334
"405",4319703577,"5/05/2016",13658,9.489999771,2.630000114,1.409999967,5.449999809,27,34,328,957,2530,389
"406",4319703577,"5/06/2016",9524,6.420000076,0.4099999964,0.4699999988,5.460000038,6,11,314,692,2266,331
"407",4319703577,"5/07/2016",7937,5.329999924,0.1899999976,1.049999952,4.079999924,3,28,279,586,2158,310
"408",4319703577,"5/08/2016",3672,2.460000038,0,0,2.460000038,0,0,153,603,1792,153
"409",4319703577,"5/09/2016",10378,6.960000038,0.1400000006,0.5600000024,6.25,2,14,374,490,2345,390
"410",4319703577,"5/10/2016",9487,6.369999886,0.2099999934,0.4600000083,5.699999809,3,12,329,555,2260,344
"411",4319703577,"5/11/2016",9129,6.130000114,0.200000003,0.7400000095,5.179999828,3,18,311,574,2232,332
"412",4319703577,"5/12/2016",17,0.009999999776,0,0,0.009999999776,0,0,2,0,257,2
"413",4388161847,"4/12/2016",10122,7.78000021,0,0,0,0,0,0,1440,2955,0
"414",4388161847,"4/13/2016",10993,8.449999809,0.05999999866,0.6299999952,3.880000114,1,14,150,1275,3092,165
"415",4388161847,"4/14/2016",8863,6.820000172,0.1299999952,1.070000052,5.619999886,10,35,219,945,2998,264
"416",4388161847,"4/15/2016",8758,6.730000019,0,0,6.730000019,0,0,299,837,3066,299
"417",4388161847,"4/16/2016",6580,5.059999943,0.2099999934,0.400000006,4.449999809,6,9,253,609,3073,268
"418",4388161847,"4/17/2016",4660,3.579999924,0,0,3.579999924,0,0,201,721,2572,201
"419",4388161847,"4/18/2016",11009,9.100000381,3.559999943,0.400000006,5.139999866,27,8,239,1017,3274,274
"420",4388161847,"4/19/2016",10181,7.829999924,1.370000005,0.6899999976,5.769999981,20,16,249,704,3015,285
"421",4388161847,"4/20/2016",10553,8.119999886,1.100000024,1.720000029,5.289999962,19,42,228,696,3083,289
"422",4388161847,"4/21/2016",10055,7.730000019,0.3700000048,0.3899999857,6.980000019,7,12,272,853,3069,291
"423",4388161847,"4/22/2016",12139,9.340000153,3.299999952,1.110000014,4.920000076,77,25,220,945,3544,322
"424",4388161847,"4/23/2016",13236,10.18000031,4.5,0.3199999928,5.349999905,58,5,215,749,3306,278
"425",4388161847,"4/24/2016",10243,7.880000114,1.080000043,0.5099999905,6.300000191,14,8,239,584,2885,261
"426",4388161847,"4/25/2016",12961,9.970000267,0.7300000191,1.399999976,7.840000153,11,31,301,1054,3288,343
"427",4388161847,"4/26/2016",9461,7.28000021,0.9399999976,1.059999943,5.269999981,14,23,224,673,2929,261
"428",4388161847,"4/27/2016",11193,8.609999657,0.6999999881,2.50999999,5.389999866,11,48,241,684,3074,300
"429",4388161847,"4/28/2016",10074,7.75,1.289999962,0.4300000072,6.03000021,19,9,234,878,2969,262
"430",4388161847,"4/29/2016",9232,7.099999905,0.8000000119,0.8899999857,5.420000076,13,16,236,1175,2979,265
"431",4388161847,"4/30/2016",12533,9.640000343,0.6999999881,2,6.940000057,14,43,300,537,3283,357
"432",4388161847,"5/01/2016",10255,7.889999866,1.00999999,0.6800000072,6.199999809,12,15,241,579,2926,268
"433",4388161847,"5/02/2016",10096,8.399999619,3.769999981,0.07999999821,4.550000191,33,4,204,935,3147,241
"434",4388161847,"5/03/2016",12727,9.789999962,1.129999995,0.7799999714,7.880000114,18,18,306,984,3290,342
"435",4388161847,"5/04/2016",12375,9.520000458,2.789999962,0.9300000072,5.800000191,35,21,251,632,3162,307
"436",4388161847,"5/05/2016",9603,7.380000114,0.6299999952,1.669999957,5.090000153,12,39,199,896,2899,250
"437",4388161847,"5/06/2016",13175,10.13000011,2.109999895,2.089999914,5.929999828,33,45,262,1100,3425,340
"438",4388161847,"5/07/2016",22770,17.54000092,9.449999809,2.769999981,5.329999924,120,56,260,508,4022,436
"439",4388161847,"5/08/2016",17298,14.38000011,9.890000343,1.25999999,3.230000019,107,38,178,576,3934,323
"440",4388161847,"5/09/2016",10218,7.860000134,0.3400000036,0.7300000191,6.789999962,6,19,258,1020,3013,283
"441",4388161847,"5/10/2016",10299,7.920000076,0.8100000024,0.6499999762,6.460000038,13,14,267,648,3061,294
"442",4388161847,"5/11/2016",10201,7.840000153,0.5299999714,0.7900000215,6.53000021,8,18,256,858,2954,282
"443",4388161847,"5/12/2016",3369,2.589999914,0,0,2.589999914,0,0,108,825,1623,108
"444",4445114986,"4/12/2016",3276,2.200000048,0,0,2.200000048,0,0,196,787,2113,196
"445",4445114986,"4/13/2016",2961,1.99000001,0,0,1.99000001,0,0,194,840,2095,194
"446",4445114986,"4/14/2016",3974,2.670000076,0,0,2.670000076,0,0,231,717,2194,231
"447",4445114986,"4/15/2016",7198,4.829999924,0,0,4.829999924,0,0,350,711,2496,350
"448",4445114986,"4/16/2016",3945,2.650000095,0,0,2.650000095,0,0,225,716,2180,225
"449",4445114986,"4/17/2016",2268,1.519999981,0,0,1.519999981,0,0,114,1219,1933,114
"450",4445114986,"4/18/2016",6155,4.239999771,2,0.2899999917,1.950000048,25,6,162,1247,2248,193
"451",4445114986,"4/19/2016",2064,1.389999986,0,0,1.389999986,0,0,121,895,1954,121
"452",4445114986,"4/20/2016",2072,1.389999986,0,0,1.389999986,0,0,137,841,1974,137
"453",4445114986,"4/21/2016",3809,2.559999943,0,0,2.539999962,0,0,215,756,2150,215
"454",4445114986,"4/22/2016",6831,4.579999924,0,0,4.579999924,0,0,317,706,2432,317
"455",4445114986,"4/23/2016",4363,2.930000067,0,0,2.930000067,0,0,201,1239,2149,201
"456",4445114986,"4/24/2016",5002,3.359999895,0,0,3.359999895,0,0,244,1196,2247,244
"457",4445114986,"4/25/2016",3385,2.269999981,0,0,2.269999981,0,0,179,916,2070,179
"458",4445114986,"4/26/2016",6326,4.409999847,2.410000086,0.03999999911,1.960000038,29,1,180,839,2291,210
"459",4445114986,"4/27/2016",7243,5.03000021,2.619999886,0.02999999933,2.380000114,32,1,194,839,2361,227
"460",4445114986,"4/28/2016",4493,3.00999999,0,0,3.00999999,0,0,236,762,2203,236
"461",4445114986,"4/29/2016",4676,3.140000105,0,0,3.130000114,0,0,226,1106,2196,226
"462",4445114986,"4/30/2016",6222,4.179999828,0,0,4.179999828,0,0,290,797,2363,290
"463",4445114986,"5/01/2016",5232,3.50999999,0,0,3.50999999,0,0,240,741,2246,240
"464",4445114986,"5/02/2016",6910,4.75,2.210000038,0.1899999976,2.349999905,27,4,200,667,2336,231
"465",4445114986,"5/03/2016",7502,5.179999828,2.480000019,0.1099999994,2.579999924,30,2,233,725,2421,265
"466",4445114986,"5/04/2016",2923,1.960000038,0,0,1.960000038,0,0,180,897,2070,180
"467",4445114986,"5/05/2016",3800,2.549999952,0.1199999973,0.2399999946,2.180000067,2,6,185,734,2120,193
"468",4445114986,"5/06/2016",4514,3.029999971,0,0,3.029999971,0,0,229,809,2211,229
"469",4445114986,"5/07/2016",5183,3.589999914,2.130000114,0.1899999976,1.25,26,4,108,866,2123,138
"470",4445114986,"5/08/2016",7303,4.900000095,0,0.25,4.650000095,0,8,308,733,2423,316
"471",4445114986,"5/09/2016",5275,3.539999962,0,0,3.539999962,0,0,266,641,2281,266
"472",4445114986,"5/10/2016",3915,2.630000114,0,0,2.630000114,0,0,231,783,2181,231
"473",4445114986,"5/11/2016",9105,6.110000134,2.25,1,2.859999895,34,22,232,622,2499,288
"474",4445114986,"5/12/2016",768,0.5199999809,0,0,0.5199999809,0,0,58,380,1212,58
"475",4558609924,"4/12/2016",5135,3.390000105,0,0,3.390000105,0,0,318,1122,1909,318
"476",4558609924,"4/13/2016",4978,3.289999962,1.24000001,0.4399999976,1.610000014,19,7,127,1287,1722,153
"477",4558609924,"4/14/2016",6799,4.489999771,0,0,4.489999771,0,0,279,1161,1922,279
"478",4558609924,"4/15/2016",7795,5.150000095,0.5899999738,0.8399999738,3.730000019,17,30,262,1131,2121,309
"479",4558609924,"4/16/2016",7289,4.820000172,0.5500000119,0.75,3.5,8,12,308,1112,1997,328
"480",4558609924,"4/17/2016",9634,6.400000095,0.5500000119,1.139999986,4.710000038,7,19,304,1110,2117,330
"481",4558609924,"4/18/2016",8940,5.909999847,0.9800000191,0.9300000072,4,14,15,331,1080,2116,360
"482",4558609924,"4/19/2016",5401,3.569999933,0.05000000075,0.3600000143,3.160000086,1,9,248,1182,1876,258
"483",4558609924,"4/20/2016",4803,3.170000076,0,0,3.170000076,0,0,222,1218,1788,222
"484",4558609924,"4/21/2016",13743,9.079999924,0.4199999869,0.9700000286,7.699999809,6,21,432,844,2486,459
"485",4558609924,"4/22/2016",9601,6.349999905,1.370000005,1.5,3.470000029,20,25,273,1122,2094,318
"486",4558609924,"4/23/2016",6890,4.550000191,0.3400000036,0.200000003,4.010000229,5,5,308,1122,2085,318
"487",4558609924,"4/24/2016",8563,5.659999847,0,0,5.650000095,0,0,395,1045,2173,395
"488",4558609924,"4/25/2016",8095,5.349999905,0.5899999738,0.25,4.510000229,18,10,340,993,2225,368
"489",4558609924,"4/26/2016",9148,6.050000191,0.4300000072,2.029999971,3.589999914,12,41,283,1062,2223,336
"490",4558609924,"4/27/2016",9557,6.320000172,1.960000038,0.8899999857,3.460000038,27,14,312,1087,2098,353
"491",4558609924,"4/28/2016",9451,6.25,0.01999999955,0.2700000107,5.949999809,1,11,367,985,2185,379
"492",4558609924,"4/29/2016",7833,5.179999828,1.019999981,1.850000024,2.309999943,15,29,197,1096,1918,241
"493",4558609924,"4/30/2016",10319,6.820000172,0.4699999988,1.889999986,4.460000038,7,29,293,1111,2105,329
"494",4558609924,"5/01/2016",3428,2.269999981,0,0,2.269999981,0,0,190,1121,1692,190
"495",4558609924,"5/02/2016",7891,5.21999979,0,0,5.21999979,0,0,383,1057,2066,383
"496",4558609924,"5/03/2016",5267,3.480000019,0.6000000238,0.2800000012,2.599999905,21,10,237,1172,1953,268
"497",4558609924,"5/04/2016",5232,3.460000038,0,0,3.460000038,0,0,252,1188,1842,252
"498",4558609924,"5/05/2016",10611,7.010000229,1.00999999,0.5,5.510000229,14,8,370,1048,2262,392
"499",4558609924,"5/06/2016",3755,2.480000019,0,0,2.480000019,0,0,202,1238,1722,202
"500",4558609924,"5/07/2016",8237,5.440000057,1.610000014,1,2.829999924,23,16,233,1116,1973,272
"501",4558609924,"5/08/2016",6543,4.329999924,1.799999952,0.5,2.019999981,66,35,238,1019,2666,339
"502",4558609924,"5/09/2016",11451,7.570000172,0.4300000072,1.620000005,5.519999981,6,30,339,1065,2223,375
"503",4558609924,"5/10/2016",6435,4.25,0.7400000095,1.120000005,2.390000105,11,18,220,1191,1889,249
"504",4558609924,"5/11/2016",9108,6.019999981,0.2599999905,1.820000052,3.940000057,4,31,324,1081,2131,359
"505",4558609924,"5/12/2016",6307,4.170000076,0,0,4.170000076,0,0,247,736,1452,247
"506",4702921684,"4/12/2016",7213,5.880000114,0,0,5.849999905,0,0,263,718,2947,263
"507",4702921684,"4/13/2016",6877,5.579999924,0,0,5.579999924,0,0,258,777,2898,258
"508",4702921684,"4/14/2016",7860,6.369999886,0,0,6.369999886,0,0,271,772,2984,271
"509",4702921684,"4/15/2016",6506,5.28000021,0.0700000003,0.4199999869,4.789999962,1,8,256,944,2896,265
"510",4702921684,"4/16/2016",11140,9.029999733,0.2399999946,1.25,7.539999962,3,24,335,556,3328,362
"511",4702921684,"4/17/2016",12692,10.28999996,0.9599999785,3.460000038,5.880000114,12,66,302,437,3394,380
"512",4702921684,"4/18/2016",9105,7.380000114,1.820000052,1.49000001,4.070000172,22,30,191,890,3013,243
"513",4702921684,"4/19/2016",6708,5.440000057,0.8799999952,0.3700000048,4.190000057,10,8,179,757,2812,197
"514",4702921684,"4/20/2016",8793,7.130000114,0.1599999964,1.230000019,5.730000019,2,29,260,717,3061,291
"515",4702921684,"4/21/2016",6530,5.300000191,0.3100000024,2.049999952,2.940000057,4,41,144,901,2729,189
"516",4702921684,"4/22/2016",1664,1.350000024,0,0,1.350000024,0,0,72,1341,2241,72
"517",4702921684,"4/23/2016",15126,12.27000046,0.7599999905,3.24000001,8.270000458,9,66,408,469,3691,483
"518",4702921684,"4/24/2016",15050,12.22000027,1.200000048,5.119999886,5.880000114,15,95,281,542,3538,391
"519",4702921684,"4/25/2016",9167,7.429999828,0.4900000095,0.8199999928,6.110000134,6,15,270,730,3064,291
"520",4702921684,"4/26/2016",6108,4.949999809,0.0700000003,0.349999994,4.539999962,1,8,216,765,2784,225
"521",4702921684,"4/27/2016",7047,5.71999979,0.09000000358,0.8000000119,4.78000021,1,16,238,733,2908,255
"522",4702921684,"4/28/2016",9023,7.320000172,1.129999995,0.4199999869,5.769999981,14,9,232,738,3033,255
"523",4702921684,"4/29/2016",9930,8.050000191,1.059999943,0.9200000167,6.070000172,12,19,267,692,3165,298
"524",4702921684,"4/30/2016",10144,8.229999542,0.3199999928,2.029999971,5.880000114,4,36,263,728,3115,303
"525",4702921684,"5/01/2016",0,0,0,0,0,0,0,0,1440,2017,0
"526",4702921684,"5/02/2016",7245,5.920000076,0.3799999952,1.74000001,3.75999999,5,40,195,1131,2859,240
"527",4702921684,"5/03/2016",9454,7.670000076,0,0,7.670000076,0,0,313,729,3145,313
"528",4702921684,"5/04/2016",8161,6.619999886,0.3400000036,0.7300000191,5.539999962,4,15,251,757,3004,270
"529",4702921684,"5/05/2016",8614,6.989999771,0.6700000167,0.2199999988,6.090000153,8,5,241,745,3006,254
"530",4702921684,"5/06/2016",6943,5.630000114,0.07999999821,0.6600000262,4.869999886,1,16,207,682,2859,224
"531",4702921684,"5/07/2016",14370,11.64999962,0.3700000048,2.309999943,8.970000267,5,46,439,577,3683,490
"532",4702921684,"5/08/2016",12857,10.43000031,0.6800000072,6.210000038,3.539999962,9,125,192,1019,3287,326
"533",4702921684,"5/09/2016",8232,6.679999828,0,0.5699999928,6.099999905,0,12,253,746,2990,265
"534",4702921684,"5/10/2016",10613,8.609999657,0.07999999821,1.879999995,6.650000095,1,37,262,701,3172,300
"535",4702921684,"5/11/2016",9810,7.960000038,0.7799999714,2.160000086,4.980000019,10,41,235,784,3069,286
"536",4702921684,"5/12/2016",2752,2.230000019,0,0,2.230000019,0,0,68,241,1240,68
"537",5553957443,"4/12/2016",11596,7.570000172,1.370000005,0.7900000215,5.409999847,19,13,277,767,2026,309
"538",5553957443,"4/13/2016",4832,3.160000086,0,0,3.160000086,0,0,226,647,1718,226
"539",5553957443,"4/14/2016",17022,11.11999989,4,2.450000048,4.670000076,61,41,256,693,2324,358
"540",5553957443,"4/15/2016",16556,10.85999966,4.159999847,1.980000019,4.710000038,58,38,239,689,2254,335
"541",5553957443,"4/16/2016",5771,3.769999981,0,0,3.769999981,0,0,288,521,1831,288
"542",5553957443,"4/17/2016",655,0.4300000072,0,0,0.4300000072,0,0,46,943,1397,46
"543",5553957443,"4/18/2016",3727,2.430000067,0,0,2.430000067,0,0,206,622,1683,206
"544",5553957443,"4/19/2016",15482,10.10999966,4.28000021,1.659999967,4.179999828,69,28,249,756,2284,346
"545",5553957443,"4/20/2016",2713,1.769999981,0,0,1.769999981,0,0,148,598,1570,148
"546",5553957443,"4/21/2016",12346,8.06000042,2.950000048,2.160000086,2.960000038,47,42,177,801,2066,266
"547",5553957443,"4/22/2016",11682,7.630000114,1.379999995,0.6299999952,5.599999905,25,16,270,781,2105,311
"548",5553957443,"4/23/2016",4112,2.690000057,0,0,2.680000067,0,0,272,443,1776,272
"549",5553957443,"4/24/2016",1807,1.179999948,0,0,1.179999948,0,0,104,582,1507,104
"550",5553957443,"4/25/2016",10946,7.190000057,2.930000067,0.5699999928,3.690000057,51,11,201,732,2033,263
"551",5553957443,"4/26/2016",11886,7.760000229,2.369999886,0.9300000072,4.460000038,40,18,238,750,2093,296
"552",5553957443,"4/27/2016",10538,6.880000114,1.139999986,1,4.739999771,16,16,206,745,1922,238
"553",5553957443,"4/28/2016",11393,7.630000114,3.710000038,0.75,3.170000076,49,13,165,727,1999,227
"554",5553957443,"4/29/2016",12764,8.329999924,2.789999962,0.6399999857,4.909999847,46,15,270,709,2169,331
"555",5553957443,"4/30/2016",1202,0.7799999714,0,0,0.7799999714,0,0,84,506,1463,84
"556",5553957443,"5/01/2016",5164,3.369999886,0,0,3.369999886,0,0,237,436,1747,237
"557",5553957443,"5/02/2016",9769,6.380000114,1.059999943,0.4099999964,4.900000095,23,9,227,724,1996,259
"558",5553957443,"5/03/2016",12848,8.390000343,1.5,1.200000048,5.679999828,26,29,247,812,2116,302
"559",5553957443,"5/04/2016",4249,2.769999981,0,0,2.769999981,0,0,224,651,1698,224
"560",5553957443,"5/05/2016",14331,9.510000229,3.430000067,1.659999967,4.429999828,44,29,241,692,2156,314
"561",5553957443,"5/06/2016",9632,6.289999962,1.519999981,0.5400000215,4.230000019,21,9,229,761,1916,259
"562",5553957443,"5/07/2016",1868,1.220000029,0,0,1.220000029,0,0,96,902,1494,96
"563",5553957443,"5/08/2016",6083,4,0.2199999988,0.4699999988,3.299999952,3,8,210,505,1762,221
"564",5553957443,"5/09/2016",11611,7.579999924,2.130000114,0.8899999857,4.559999943,59,22,251,667,2272,332
"565",5553957443,"5/10/2016",16358,10.71000004,3.869999886,1.610000014,5.199999809,61,40,265,707,2335,366
"566",5553957443,"5/11/2016",4926,3.220000029,0,0,3.220000029,0,0,195,628,1693,195
"567",5553957443,"5/12/2016",3121,2.039999962,0.5799999833,0.400000006,1.059999943,8,6,48,222,741,62
"568",5577150313,"4/12/2016",8135,6.079999924,3.599999905,0.3799999952,2.099999905,86,16,140,728,3405,242
"569",5577150313,"4/13/2016",5077,3.789999962,0.3199999928,0.2199999988,3.25,15,11,144,776,2551,170
"570",5577150313,"4/14/2016",8596,6.420000076,3.329999924,0.3100000024,2.779999971,118,30,176,662,4022,324
"571",5577150313,"4/15/2016",12087,9.079999924,3.920000076,1.600000024,3.559999943,115,54,199,695,4005,368
"572",5577150313,"4/16/2016",14269,10.65999985,6.639999866,1.279999971,2.730000019,184,56,158,472,4274,398
"573",5577150313,"4/17/2016",12231,9.140000343,5.980000019,0.8299999833,2.319999933,200,37,159,525,4552,396
"574",5577150313,"4/18/2016",9893,7.389999866,4.860000134,0.7200000286,1.820000052,114,32,130,623,3625,276
"575",5577150313,"4/19/2016",12574,9.420000076,7.019999981,0.6399999857,1.75999999,108,23,111,733,3501,242
"576",5577150313,"4/20/2016",8330,6.21999979,4.119999886,0.3400000036,1.75999999,87,16,113,773,3192,216
"577",5577150313,"4/21/2016",10830,8.090000153,3.650000095,1.659999967,2.779999971,110,74,175,670,4018,359
"578",5577150313,"4/22/2016",9172,6.849999905,2.420000076,0.7900000215,3.299999952,62,30,200,823,3329,292
"579",5577150313,"4/23/2016",7638,5.710000038,1.210000038,0.3600000143,4.139999866,24,24,223,627,3152,271
"580",5577150313,"4/24/2016",15764,11.77999973,7.650000095,2.150000095,1.980000019,210,65,141,425,4392,416
"581",5577150313,"4/25/2016",6393,4.78000021,1.350000024,0.6700000167,2.75999999,61,38,214,743,3374,313
"582",5577150313,"4/26/2016",5325,3.980000019,0.8500000238,0.6499999762,2.470000029,38,32,181,759,3088,251
"583",5577150313,"4/27/2016",6805,5.139999866,1.809999943,0.400000006,2.930000067,63,16,190,773,3294,269
"584",5577150313,"4/28/2016",9841,7.429999828,3.25,1.169999957,3.00999999,99,51,141,692,3580,291
"585",5577150313,"4/29/2016",7924,5.920000076,2.839999914,0.6100000143,2.470000029,97,36,165,739,3544,298
"586",5577150313,"4/30/2016",12363,9.239999771,5.829999924,0.7900000215,2.609999895,207,45,163,621,4501,415
"587",5577150313,"5/01/2016",13368,9.989999771,5.309999943,1.440000057,3.24000001,194,72,178,499,4546,444
"588",5577150313,"5/02/2016",7439,5.559999943,1.120000005,0.349999994,4.070000172,37,20,235,732,3014,292
"589",5577150313,"5/03/2016",11045,8.25,4.519999981,0.150000006,3.569999933,97,8,212,580,3795,317
"590",5577150313,"5/04/2016",5206,3.890000105,1.559999943,0.25,2.079999924,25,9,141,631,2755,175
"591",5577150313,"5/05/2016",7550,5.639999866,2.5,0.4699999988,2.670000076,45,21,143,1153,3004,209
"592",5577150313,"5/06/2016",4950,3.700000048,1.929999948,0.3199999928,1.450000048,41,16,79,1304,2643,136
"593",5577150313,"5/07/2016",0,0,0,0,0,0,0,0,1440,1819,0
"594",5577150313,"5/08/2016",0,0,0,0,0,0,0,0,1440,1819,0
"595",5577150313,"5/09/2016",3421,2.559999943,1.429999948,0.1400000006,0.9900000095,34,11,70,1099,2489,115
"596",5577150313,"5/10/2016",8869,6.650000095,2.559999943,0.75,3.349999905,104,37,194,639,3841,335
"597",5577150313,"5/11/2016",4038,3.039999962,1.830000043,0.3000000119,0.8899999857,45,15,63,257,1665,123
"598",6117666160,"4/12/2016",0,0,0,0,0,0,0,0,1440,1496,0
"599",6117666160,"4/13/2016",0,0,0,0,0,0,0,0,1440,1496,0
"600",6117666160,"4/14/2016",0,0,0,0,0,0,0,0,1440,1496,0
"601",6117666160,"4/15/2016",14019,10.59000015,0,0.2800000012,10.30000019,0,6,513,921,2865,519
"602",6117666160,"4/16/2016",14450,10.90999985,0.5799999833,0.8500000238,9.479999542,7,15,518,502,2828,540
"603",6117666160,"4/17/2016",7150,5.400000095,0,0,5.400000095,0,0,312,702,2225,312
"604",6117666160,"4/18/2016",5153,3.910000086,0,0,3.890000105,0,0,241,759,2018,241
"605",6117666160,"4/19/2016",11135,8.409999847,0,0,8.409999847,0,0,480,425,2606,480
"606",6117666160,"4/20/2016",10449,8.020000458,2.029999971,0.4799999893,5.519999981,26,10,349,587,2536,385
"607",6117666160,"4/21/2016",19542,15.01000023,0.9800000191,0.400000006,5.619999886,11,19,294,579,4900,324
"608",6117666160,"4/22/2016",8206,6.199999809,0,0,6.199999809,0,0,402,413,2409,402
"609",6117666160,"4/23/2016",11495,8.680000305,0,0,8.680000305,0,0,512,468,2651,512
"610",6117666160,"4/24/2016",7623,5.760000229,0,0,5.760000229,0,0,362,711,2305,362
"611",6117666160,"4/25/2016",0,0,0,0,0,0,0,0,1440,1497,0
"612",6117666160,"4/26/2016",9543,7.210000038,0,0.3400000036,6.869999886,0,7,352,1077,2450,359
"613",6117666160,"4/27/2016",9411,7.110000134,0,0,7.110000134,0,0,458,417,2576,458
"614",6117666160,"4/28/2016",3403,2.599999905,0,0,2.599999905,0,0,141,758,1879,141
"615",6117666160,"4/29/2016",9592,7.239999771,0,0,7.239999771,0,0,461,479,2560,461
"616",6117666160,"4/30/2016",6987,5.28000021,0,0,5.28000021,0,0,343,1040,2275,343
"617",6117666160,"5/01/2016",8915,6.730000019,0,0,6.730000019,0,0,397,525,2361,397
"618",6117666160,"5/02/2016",4933,3.730000019,0,0,3.730000019,0,0,236,1204,2044,236
"619",6117666160,"5/03/2016",0,0,0,0,0,0,0,0,1440,1496,0
"620",6117666160,"5/04/2016",2997,2.25999999,0,0,2.25999999,0,0,156,1279,1902,156
"621",6117666160,"5/05/2016",9799,7.400000095,0,0,7.400000095,0,0,487,479,2636,487
"622",6117666160,"5/06/2016",3365,2.680000067,0,0,2.680000067,0,0,133,673,1838,133
"623",6117666160,"5/07/2016",7336,5.539999962,0,0,5.539999962,0,0,412,456,2469,412
"624",6117666160,"5/08/2016",7328,5.53000021,0,0,5.53000021,0,0,318,517,2250,318
"625",6117666160,"5/09/2016",4477,3.380000114,0,0,3.380000114,0,0,197,125,1248,197
"626",6290855005,"4/12/2016",4562,3.450000048,0,0,3.450000048,0,0,199,1241,2560,199
"627",6290855005,"4/13/2016",7142,5.400000095,0,0,5.389999866,0,0,350,1090,2905,350
"628",6290855005,"4/14/2016",7671,5.800000191,0,0,5.769999981,0,0,363,1077,2952,363
"629",6290855005,"4/15/2016",9501,7.179999828,0,0,7.170000076,0,0,328,1112,2896,328
"630",6290855005,"4/16/2016",8301,6.28000021,0,0,6.269999981,0,0,258,1182,2783,258
"631",6290855005,"4/17/2016",7851,5.940000057,1.139999986,0.7900000215,4,31,12,225,1172,3171,268
"632",6290855005,"4/18/2016",6885,5.210000038,0,0,5.190000057,0,0,271,1169,2766,271
"633",6290855005,"4/19/2016",7142,5.400000095,0,0,5.389999866,0,0,321,1119,2839,321
"634",6290855005,"4/20/2016",6361,4.809999943,0,0,4.800000191,0,0,258,1182,2701,258
"635",6290855005,"4/21/2016",0,0,0,0,0,0,0,0,1440,2060,0
"636",6290855005,"4/22/2016",6238,4.71999979,0,0,4.71999979,0,0,302,1138,2796,302
"637",6290855005,"4/23/2016",0,0,0,0,0,33,0,0,1407,2664,33
"638",6290855005,"4/24/2016",5896,4.460000038,0,0,4.460000038,0,0,258,1182,2703,258
"639",6290855005,"4/25/2016",7802,5.900000095,0.6800000072,0.1800000072,5.03000021,8,3,249,1180,2771,260
"640",6290855005,"4/26/2016",0,0,0,0,0,0,0,0,1440,2060,0
"641",6290855005,"4/27/2016",5565,4.210000038,0,0,4.179999828,0,0,287,1153,2743,287
"642",6290855005,"4/28/2016",5731,4.329999924,0,0,4.329999924,0,0,255,1185,2687,255
"643",6290855005,"4/29/2016",0,0,0,0,0,0,0,0,1440,2060,0
"644",6290855005,"4/30/2016",6744,5.099999905,0,0,5.090000153,0,0,324,1116,2843,324
"645",6290855005,"5/01/2016",9837,7.440000057,0.6600000262,2.75,4,8,95,282,1055,3327,385
"646",6290855005,"5/02/2016",6781,5.130000114,0,0,5.110000134,0,0,268,1172,2725,268
"647",6290855005,"5/03/2016",6047,4.570000172,0,0,4.570000172,0,0,240,1200,2671,240
"648",6290855005,"5/04/2016",5832,4.409999847,0,0,4.400000095,0,0,272,1168,2718,272
"649",6290855005,"5/05/2016",6339,4.789999962,0,0,4.789999962,0,0,239,1201,2682,239
"650",6290855005,"5/06/2016",6116,4.619999886,0,0,4.590000153,0,0,305,1135,2806,305
"651",6290855005,"5/07/2016",5510,4.170000076,0,0,4.159999847,0,0,227,1213,2613,227
"652",6290855005,"5/08/2016",7706,5.829999924,0,0,5.820000172,0,0,251,1189,2712,251
"653",6290855005,"5/09/2016",6277,4.75,0,0,4.730000019,0,0,264,800,2175,264
"654",6290855005,"5/10/2016",0,0,0,0,0,0,0,0,1440,0,0
"655",6775888955,"4/12/2016",0,0,0,0,0,0,0,0,1440,1841,0
"656",6775888955,"4/13/2016",4053,2.910000086,1.110000014,0.5799999833,1.220000029,17,18,85,1053,2400,120
"657",6775888955,"4/14/2016",5162,3.700000048,0.8700000048,0.8600000143,1.970000029,14,24,105,863,2507,143
"658",6775888955,"4/15/2016",1282,0.9200000167,0,0,0.9200000167,0,0,58,976,2127,58
"659",6775888955,"4/16/2016",4732,3.390000105,2.519999981,0.8100000024,0.05999999866,36,18,9,1377,2225,63
"660",6775888955,"4/17/2016",2497,1.789999962,0.349999994,1.129999995,0.3100000024,5,24,19,1392,2067,48
"661",6775888955,"4/18/2016",8294,5.949999809,2,0.7699999809,3.170000076,30,31,146,1233,2798,207
"662",6775888955,"4/19/2016",0,0,0,0,0,0,0,0,1440,1841,0
"663",6775888955,"4/20/2016",10771,7.71999979,3.769999981,1.74000001,2.220000029,70,113,178,1079,3727,361
"664",6775888955,"4/21/2016",0,0,0,0,0,0,0,0,1440,1841,0
"665",6775888955,"4/22/2016",637,0.4600000083,0,0,0.4600000083,0,0,20,1420,1922,20
"666",6775888955,"4/23/2016",0,0,0,0,0,0,0,0,1440,1841,0
"667",6775888955,"4/24/2016",2153,1.539999962,0.7699999809,0.6200000048,0.150000006,11,18,11,1400,2053,40
"668",6775888955,"4/25/2016",6474,4.639999866,2.269999981,0.4600000083,1.899999976,33,13,92,1302,2484,138
"669",6775888955,"4/26/2016",7091,5.269999981,3.480000019,0.8700000048,0.7300000191,42,30,47,1321,2584,119
"670",6775888955,"4/27/2016",0,0,0,0,0,0,0,0,1440,1841,0
"671",6775888955,"4/28/2016",703,0.5,0.05999999866,0.200000003,0.2399999946,2,13,15,1410,1993,30
"672",6775888955,"4/29/2016",0,0,0,0,0,0,0,0,1440,1841,0
"673",6775888955,"4/30/2016",2503,1.789999962,0.1599999964,0.1599999964,1.480000019,3,9,84,1344,2280,96
"674",6775888955,"5/01/2016",2487,1.779999971,0.4799999893,0.6200000048,0.6800000072,9,34,50,1347,2319,93
"675",6775888955,"5/02/2016",0,0,0,0,0,0,0,0,1440,1841,0
"676",6775888955,"5/03/2016",9,0.009999999776,0,0,0.009999999776,0,0,1,1439,1843,1
"677",6775888955,"5/04/2016",0,0,0,0,0,0,0,0,1440,1841,0
"678",6775888955,"5/05/2016",0,0,0,0,0,0,0,0,1440,1841,0
"679",6775888955,"5/06/2016",4697,3.369999886,0.4699999988,0.9300000072,1.929999948,12,35,75,1318,2496,122
"680",6775888955,"5/07/2016",1967,1.409999967,0.1299999952,0.2399999946,1.049999952,2,5,49,551,1032,56
"681",6962181067,"4/12/2016",10199,6.739999771,3.400000095,0.8299999833,2.50999999,50,14,189,796,1994,253
"682",6962181067,"4/13/2016",5652,3.74000001,0.5699999928,1.210000038,1.960000038,8,24,142,548,1718,174
"683",6962181067,"4/14/2016",1551,1.029999971,0,0,1.029999971,0,0,86,862,1466,86
"684",6962181067,"4/15/2016",5563,3.680000067,0,0,3.680000067,0,0,217,837,1756,217
"685",6962181067,"4/16/2016",13217,8.739999771,3.660000086,0.1899999976,4.880000114,50,3,280,741,2173,333
"686",6962181067,"4/17/2016",10145,6.710000038,0.3300000131,0.6800000072,5.690000057,5,13,295,634,2027,313
"687",6962181067,"4/18/2016",11404,7.539999962,0.8299999833,2.390000105,4.320000172,13,42,238,689,2039,293
"688",6962181067,"4/19/2016",10742,7.099999905,2.099999905,2.130000114,2.869999886,35,41,195,659,2046,271
"689",6962181067,"4/20/2016",13928,9.550000191,4.28000021,0.1899999976,5.090000153,48,4,297,639,2174,349
"690",6962181067,"4/21/2016",11835,9.710000038,3.99000001,2.099999905,3.50999999,53,27,214,708,2179,294
"691",6962181067,"4/22/2016",10725,7.090000153,1.769999981,1.549999952,3.769999981,30,33,240,659,2086,303
"692",6962181067,"4/23/2016",20031,13.23999977,4.199999809,2,7.039999962,58,41,347,484,2571,446
"693",6962181067,"4/24/2016",5029,3.319999933,0,0,3.319999933,0,0,199,720,1705,199
"694",6962181067,"4/25/2016",13239,9.270000458,3.019999981,1.679999948,4.460000038,35,31,282,637,2194,348
"695",6962181067,"4/26/2016",10433,6.900000095,2.579999924,0.4199999869,3.900000095,36,7,254,680,2012,297
"696",6962181067,"4/27/2016",10320,6.820000172,0.5500000119,2.019999981,4.25,7,38,279,697,2034,324
"697",6962181067,"4/28/2016",12627,8.350000381,2.50999999,0.2399999946,5.590000153,38,8,288,621,2182,334
"698",6962181067,"4/29/2016",10762,7.110000134,0.8199999928,0.4799999893,5.809999943,12,15,369,645,2254,396
"699",6962181067,"4/30/2016",10081,6.659999847,2.24000001,0.7599999905,3.670000076,32,16,237,731,2002,285
"700",6962181067,"5/01/2016",5454,3.609999895,0,0,3.609999895,0,0,215,722,1740,215
"701",6962181067,"5/02/2016",12912,8.539999962,1.200000048,2,5.340000153,18,39,313,655,2162,370
"702",6962181067,"5/03/2016",12109,8.119999886,1.74000001,2.039999962,4.329999924,21,36,267,654,2072,324
"703",6962181067,"5/04/2016",10147,6.710000038,0.4699999988,1.679999948,4.550000191,15,36,284,683,2086,335
"704",6962181067,"5/05/2016",10524,6.960000038,0.9900000095,1.159999967,4.809999943,14,22,305,591,2066,341
"705",6962181067,"5/06/2016",5908,3.910000086,0,0,3.910000086,0,0,299,717,1850,299
"706",6962181067,"5/07/2016",6815,4.5,0,0,4.5,0,0,328,745,1947,328
"707",6962181067,"5/08/2016",4188,2.769999981,0,0.5199999809,2.25,0,14,151,709,1659,165
"708",6962181067,"5/09/2016",12342,8.720000267,3.900000095,1.179999948,3.650000095,43,21,231,607,2105,295
"709",6962181067,"5/10/2016",15448,10.21000004,3.470000029,1.75,4.989999771,62,34,275,626,2361,371
"710",6962181067,"5/11/2016",6722,4.440000057,1.49000001,0.3100000024,2.650000095,24,7,199,709,1855,230
"711",6962181067,"5/12/2016",3587,2.369999886,0,0.25,2.109999895,0,8,105,127,928,113
"712",7007744171,"4/12/2016",14172,10.28999996,4.5,0.3799999952,5.409999847,53,8,355,1024,2937,416
"713",7007744171,"4/13/2016",12862,9.649999619,4.610000134,0.5600000024,4.480000019,56,22,261,1101,2742,339
"714",7007744171,"4/14/2016",11179,8.239999771,2.950000048,0.3400000036,4.960000038,34,6,304,1096,2668,344
"715",7007744171,"4/15/2016",5273,3.529999971,0,0,3.529999971,0,0,202,1238,2098,202
"716",7007744171,"4/16/2016",4631,3.099999905,0,0,3.099999905,0,0,203,1155,2076,203
"717",7007744171,"4/17/2016",8059,5.389999866,0,0,5.389999866,0,0,305,1135,2383,305
"718",7007744171,"4/18/2016",14816,10.97999954,3.789999962,2.119999886,5.050000191,48,31,284,1077,2832,363
"719",7007744171,"4/19/2016",14194,10.47999954,4.409999847,0.7599999905,5.309999943,53,17,304,1066,2812,374
"720",7007744171,"4/20/2016",15566,11.31000042,4.789999962,0.6700000167,5.860000134,60,33,347,1000,3096,440
"721",7007744171,"4/21/2016",13744,9.18999958,2.150000095,1.870000005,5.170000076,30,34,327,1049,2763,391
"722",7007744171,"4/22/2016",15299,10.23999977,4.099999905,1.75999999,4.369999886,64,50,261,1065,2889,375
"723",7007744171,"4/23/2016",8093,5.409999847,0.1299999952,1.129999995,4.150000095,2,25,223,1190,2284,250
"724",7007744171,"4/24/2016",11085,7.420000076,0,0,7.420000076,0,0,419,1021,2667,419
"725",7007744171,"4/25/2016",18229,13.34000015,4.309999943,1.370000005,7.670000076,51,24,379,986,3055,454
"726",7007744171,"4/26/2016",15090,10.10000038,0.9300000072,0.9399999976,8.229999542,16,22,424,978,2939,462
"727",7007744171,"4/27/2016",13541,10.22000027,4.269999981,0.6600000262,5.289999962,50,12,337,1041,2830,399
"728",7007744171,"4/28/2016",15128,10.11999989,1.090000033,0.7699999809,8.260000229,16,16,401,1007,2836,433
"729",7007744171,"4/29/2016",20067,14.30000019,4.309999943,2.049999952,7.949999809,55,42,382,961,3180,479
"730",7007744171,"4/30/2016",3761,2.519999981,0,0,2.519999981,0,0,200,1240,2051,200
"731",7007744171,"5/01/2016",5600,3.75,0,0,3.75,0,0,237,1142,2225,237
"732",7007744171,"5/02/2016",13041,9.180000305,4.639999866,0.6999999881,3.829999924,64,14,250,1112,2642,328
"733",7007744171,"5/03/2016",14510,10.86999989,4.480000019,1.019999981,5.360000134,58,31,330,1021,2976,419
"734",7007744171,"5/04/2016",0,0,0,0,0,0,0,0,1440,1557,0
"735",7007744171,"5/05/2016",15010,11.10000038,4.329999924,1.289999962,5.480000019,53,23,317,1047,2933,393
"736",7007744171,"5/06/2016",11459,7.670000076,3,0.8100000024,3.859999895,44,13,247,1136,2553,304
"737",7007744171,"5/07/2016",0,0,0,0,0,0,0,0,111,120,0
"738",7086361926,"4/12/2016",11317,8.409999847,5.269999981,0.150000006,2.970000029,59,6,153,745,2772,218
"739",7086361926,"4/13/2016",5813,3.619999886,0.5600000024,0.2099999934,2.839999914,31,26,155,744,2516,212
"740",7086361926,"4/14/2016",9123,6.119999886,2.029999971,0.3300000131,3.660000086,35,32,189,787,2734,256
"741",7086361926,"4/15/2016",8585,5.670000076,2.039999962,1.110000014,2.529999971,30,21,139,864,2395,190
"742",7086361926,"4/16/2016",31,0.009999999776,0,0,0.009999999776,0,0,3,1437,1635,3
"743",7086361926,"4/17/2016",0,0,0,0,0,0,0,0,1440,1629,0
"744",7086361926,"4/18/2016",9827,6.710000038,3.170000076,1.220000029,2.309999943,61,51,114,1136,2743,226
"745",7086361926,"4/19/2016",10688,7.289999962,3.529999971,1.230000019,2.50999999,67,69,124,671,2944,260
"746",7086361926,"4/20/2016",14365,10.64000034,7.639999866,0.4499999881,2.539999962,87,13,145,797,2997,245
"747",7086361926,"4/21/2016",9469,6.179999828,1.360000014,0.3000000119,4.510000229,19,6,206,758,2463,231
"748",7086361926,"4/22/2016",9753,6.53000021,2.869999886,0.9700000286,2.670000076,58,59,153,762,2846,270
"749",7086361926,"4/23/2016",2817,1.809999943,0,0,1.799999952,0,0,90,1350,1965,90
"750",7086361926,"4/24/2016",3520,2.160000086,0,0,2.150000095,0,0,125,566,2049,125
"751",7086361926,"4/25/2016",10091,6.820000172,3.75,0.6999999881,2.369999886,69,39,129,706,2752,237
"752",7086361926,"4/26/2016",10387,7.070000172,4.159999847,0.7699999809,2.119999886,70,33,132,726,2781,235
"753",7086361926,"4/27/2016",11107,8.340000153,5.630000114,0.1800000072,2.529999971,55,6,145,829,2693,206
"754",7086361926,"4/28/2016",11584,7.800000191,2.789999962,1.639999986,3.359999895,54,48,161,810,2862,263
"755",7086361926,"4/29/2016",7881,4.949999809,0.4900000095,0.4499999881,4,24,36,182,1198,2616,242
"756",7086361926,"4/30/2016",14560,9.409999847,3.119999886,1.039999962,5.239999771,42,17,308,584,2995,367
"757",7086361926,"5/01/2016",12390,8.069999695,2.299999952,0.8999999762,4.849999905,30,15,258,685,2730,303
"758",7086361926,"5/02/2016",10052,6.809999943,3.480000019,0.6600000262,2.660000086,66,26,139,737,2754,231
"759",7086361926,"5/03/2016",10288,6.760000229,2.74000001,0.8500000238,3.160000086,57,36,152,761,2754,245
"760",7086361926,"5/04/2016",10988,8.31000042,5.28000021,0.1199999973,2.900000095,45,12,135,843,2655,192
"761",7086361926,"5/05/2016",8564,5.599999905,1.779999971,0.8299999833,2.950000048,24,14,149,1253,2386,187
"762",7086361926,"5/06/2016",12461,8.380000114,3.819999933,1.429999948,3.119999886,84,35,154,834,2924,273
"763",7086361926,"5/07/2016",12827,8.479999542,1.460000038,2.329999924,4.679999828,20,42,209,621,2739,271
"764",7086361926,"5/08/2016",10677,7.099999905,2.309999943,1.529999971,3.25,32,27,147,695,2534,206
"765",7086361926,"5/09/2016",13566,9.109999657,4.260000229,1.710000038,3.119999886,67,50,171,743,2960,288
"766",7086361926,"5/10/2016",14433,10.78999996,7.110000134,1.200000048,2.450000048,72,23,106,1182,2800,201
"767",7086361926,"5/11/2016",9572,6.519999981,2.890000105,1.389999986,2.230000019,57,40,128,757,2735,225
"768",7086361926,"5/12/2016",3789,2.559999943,0.3799999952,0.2700000107,1.889999986,5,4,58,343,1199,67
"769",8053475328,"4/12/2016",18060,14.11999989,11.64000034,0.3899999857,2.099999905,116,8,123,1193,3186,247
"770",8053475328,"4/13/2016",16433,13.35000038,10.43000031,0.4699999988,2.450000048,95,12,156,1177,3140,263
"771",8053475328,"4/14/2016",20159,15.97000027,12.34000015,0.2099999934,3.359999895,119,5,193,1123,3411,317
"772",8053475328,"4/15/2016",20669,16.23999977,13.26000023,0.3899999857,2.589999914,132,8,158,1142,3410,298
"773",8053475328,"4/16/2016",14549,11.10999966,9.359999657,0.2700000107,1.49000001,96,6,83,1255,2867,185
"774",8053475328,"4/17/2016",18827,13.68999958,9.239999771,0.8000000119,3.640000105,111,21,195,1113,3213,327
"775",8053475328,"4/18/2016",17076,12.65999985,9.079999924,0.2300000042,3.349999905,102,6,195,1137,3133,303
"776",8053475328,"4/19/2016",15929,12.47999954,9.220000267,0.3100000024,2.950000048,90,7,191,1152,3114,288
"777",8053475328,"4/20/2016",15108,12.18999958,9.579999924,0.2300000042,2.380000114,89,5,158,695,3043,252
"778",8053475328,"4/21/2016",16057,12.51000023,9.670000076,0.25,2.579999924,100,6,170,1164,3103,276
"779",8053475328,"4/22/2016",10520,8.289999962,6.260000229,0.150000006,1.879999995,60,3,117,1260,2655,180
"780",8053475328,"4/23/2016",22359,17.19000053,12.53999996,0.6299999952,4.019999981,125,14,223,741,3554,362
"781",8053475328,"4/24/2016",22988,17.95000076,13.13000011,1.549999952,3.25999999,129,33,182,1096,3577,344
"782",8053475328,"4/25/2016",20500,15.68999958,11.36999989,0.4600000083,3.859999895,118,9,209,1104,3403,336
"783",8053475328,"4/26/2016",12685,9.619999886,6.309999943,0.200000003,3.099999905,68,5,185,1182,2846,258
"784",8053475328,"4/27/2016",12422,9.819999695,6.460000038,0.4300000072,2.930000067,60,10,183,1187,2852,253
"785",8053475328,"4/28/2016",15447,12.39999962,9.670000076,0.3899999857,2.349999905,90,9,153,1188,3062,252
"786",8053475328,"4/29/2016",12315,9.649999619,6.170000076,0.3100000024,3.170000076,58,8,159,1215,2794,225
"787",8053475328,"4/30/2016",7135,5.590000153,2.99000001,0.05999999866,2.539999962,27,1,131,1281,2408,159
"788",8053475328,"5/01/2016",1170,0.8500000238,0,0,0.8500000238,0,0,51,1389,1886,51
"789",8053475328,"5/02/2016",1969,1.429999948,0,0,1.429999948,0,0,95,1345,1988,95
"790",8053475328,"5/03/2016",15484,11.89999962,8.390000343,0.9300000072,2.589999914,87,22,165,1166,3023,274
"791",8053475328,"5/04/2016",14581,11.14999962,8.819999695,0.400000006,1.909999967,89,8,123,1220,2918,220
"792",8053475328,"5/05/2016",14990,11.51000023,8.850000381,0.4499999881,2.210000038,93,9,130,1208,2950,232
"793",8053475328,"5/06/2016",13953,11,9.100000381,0.6899999976,1.210000038,90,15,90,1245,2859,195
"794",8053475328,"5/07/2016",19769,15.67000008,12.43999958,0.8799999952,2.349999905,121,20,148,1076,3331,289
"795",8053475328,"5/08/2016",22026,17.64999962,13.39999962,0.5899999738,3.660000086,125,14,228,1073,3589,367
"796",8053475328,"5/09/2016",12465,9.380000114,6.119999886,0.5699999928,2.690000057,66,12,148,1214,2765,226
"797",8053475328,"5/10/2016",14810,11.35999966,9.090000153,0.4199999869,1.850000024,96,10,115,1219,2926,221
"798",8053475328,"5/11/2016",12209,9.399999619,6.079999924,0.2800000012,3.039999962,60,7,184,1189,2809,251
"799",8053475328,"5/12/2016",4998,3.910000086,2.950000048,0.200000003,0.7599999905,28,4,39,839,1505,71
"800",8253242879,"4/12/2016",9033,7.159999847,5.429999828,0.1400000006,1.590000033,40,2,154,1244,2044,196
"801",8253242879,"4/13/2016",8053,6.099999905,4.170000076,0.6299999952,1.309999943,35,11,96,1298,1935,142
"802",8253242879,"4/14/2016",5234,3.460000038,1.929999948,0.9900000095,0.5400000215,29,16,33,1362,1705,78
"803",8253242879,"4/15/2016",2672,1.769999981,0,0,1.75999999,0,0,105,1335,1632,105
"804",8253242879,"4/16/2016",9256,6.139999866,0.4300000072,3.269999981,2.450000048,6,51,115,1268,1880,172
"805",8253242879,"4/17/2016",10204,7.909999847,5.429999828,0.150000006,2.329999924,41,5,157,1237,2112,203
"806",8253242879,"4/18/2016",5151,3.480000019,1.039999962,0.6299999952,1.799999952,16,16,130,1278,1829,162
"807",8253242879,"4/19/2016",4212,2.779999971,0,0,2.779999971,0,0,164,1276,1763,164
"808",8253242879,"4/20/2016",6466,4.269999981,0.3300000131,0.8199999928,3.109999895,5,18,216,1201,1931,239
"809",8253242879,"4/21/2016",11268,8.56000042,5.880000114,0.9300000072,1.75,49,20,172,1199,2218,241
"810",8253242879,"4/22/2016",2824,1.870000005,0,0,1.870000005,0,0,120,1320,1651,120
"811",8253242879,"4/23/2016",9282,6.260000229,2.089999914,1.039999962,3.130000114,30,26,191,1193,2132,247
"812",8253242879,"4/24/2016",8905,7.130000114,5.599999905,0.1899999976,1.340000033,41,4,82,1313,1976,127
"813",8253242879,"4/25/2016",6829,4.510000229,0.3600000143,2.390000105,1.769999981,7,54,118,1261,1909,179
"814",8253242879,"4/26/2016",4562,3.039999962,1.179999948,0.4900000095,1.370000005,19,14,108,1299,1813,141
"815",8253242879,"4/27/2016",10232,8.180000305,6.239999771,0.2300000042,1.700000048,45,5,104,1286,2008,154
"816",8253242879,"4/28/2016",2718,1.799999952,0.6700000167,0.7799999714,0.3400000036,11,16,20,1393,1580,47
"817",8253242879,"4/29/2016",6260,4.260000229,1.289999962,0.5400000215,2.400000095,16,14,136,1257,1854,166
"818",8253242879,"4/30/2016",0,0,0,0,0,0,0,0,1440,0,0
"819",8378563200,"4/12/2016",7626,6.050000191,0.8299999833,0.7099999785,4.5,65,15,156,723,3635,236
"820",8378563200,"4/13/2016",12386,9.819999695,4.960000038,0.6499999762,4.210000038,116,14,169,680,4079,299
"821",8378563200,"4/14/2016",13318,10.56000042,5.619999886,1.029999971,3.910000086,123,21,174,699,4163,318
"822",8378563200,"4/15/2016",14461,11.47000027,4.909999847,1.149999976,5.409999847,60,23,190,729,3666,273
"823",8378563200,"4/16/2016",11207,8.890000343,5.369999886,1.070000052,2.440000057,64,21,142,563,3363,227
"824",8378563200,"4/17/2016",2132,1.690000057,0,0,1.690000057,0,0,93,599,2572,93
"825",8378563200,"4/18/2016",13630,10.81000042,5.050000191,0.5600000024,5.199999809,117,10,174,720,4157,301
"826",8378563200,"4/19/2016",13070,10.35999966,5.300000191,0.8799999952,4.179999828,120,19,154,737,4092,293
"827",8378563200,"4/20/2016",9388,7.440000057,2.230000019,0.4399999976,4.78000021,82,8,169,763,3787,259
"828",8378563200,"4/21/2016",15148,12.01000023,6.900000095,0.8199999928,4.289999962,137,16,145,677,4236,298
"829",8378563200,"4/22/2016",12200,9.670000076,4.909999847,0.5899999738,4.179999828,113,12,159,769,4044,284
"830",8378563200,"4/23/2016",5709,4.53000021,1.519999981,0.5199999809,2.480000019,19,10,136,740,2908,165
"831",8378563200,"4/24/2016",3703,2.940000057,0,0,2.940000057,0,0,135,734,2741,135
"832",8378563200,"4/25/2016",12405,9.840000153,5.050000191,0.8700000048,3.920000076,117,16,141,692,4005,274
"833",8378563200,"4/26/2016",16208,12.85000038,7.510000229,0.9200000167,4.420000076,90,18,161,593,3763,269
"834",8378563200,"4/27/2016",7359,5.840000153,0.3300000131,0.1800000072,5.329999924,4,4,192,676,3061,200
"835",8378563200,"4/28/2016",5417,4.300000191,0.8999999762,0.4900000095,2.910000086,11,10,139,711,2884,160
"836",8378563200,"4/29/2016",6175,4.900000095,0.25,0.3600000143,4.269999981,3,7,172,767,2982,182
"837",8378563200,"4/30/2016",2946,2.339999914,0,0,2.339999914,0,0,121,780,2660,121
"838",8378563200,"5/01/2016",11419,9.06000042,6.03000021,0.5600000024,2.470000029,71,10,127,669,3369,208
"839",8378563200,"5/02/2016",6064,4.809999943,0.6299999952,0.1700000018,4.010000229,63,4,142,802,3491,209
"840",8378563200,"5/03/2016",8712,6.909999847,1.340000033,1.059999943,4.5,71,20,195,822,3784,286
"841",8378563200,"5/04/2016",7875,6.239999771,1.559999943,0.4900000095,4.199999809,19,10,167,680,3110,196
"842",8378563200,"5/05/2016",8567,6.789999962,0.8899999857,0.1599999964,5.739999771,66,3,214,764,3783,283
"843",8378563200,"5/06/2016",7045,5.590000153,1.549999952,0.25,3.779999971,74,5,166,831,3644,245
"844",8378563200,"5/07/2016",4468,3.539999962,0,0,3.539999962,0,0,158,851,2799,158
"845",8378563200,"5/08/2016",2943,2.329999924,0,0,2.329999924,0,0,139,621,2685,139
"846",8378563200,"5/09/2016",8382,6.650000095,1.269999981,0.6600000262,4.71999979,71,13,171,772,3721,255
"847",8378563200,"5/10/2016",6582,5.21999979,0.6600000262,0.6399999857,3.920000076,63,13,152,840,3586,228
"848",8378563200,"5/11/2016",9143,7.25,1.389999986,0.5899999738,5.269999981,72,10,184,763,3788,266
"849",8378563200,"5/12/2016",4561,3.619999886,0.6499999762,0.2700000107,2.690000057,8,6,102,433,1976,116
"850",8583815059,"4/12/2016",5014,3.910000086,0,0.3300000131,3.579999924,0,7,196,1237,2650,203
"851",8583815059,"4/13/2016",5571,4.349999905,0.150000006,0.9700000286,3.230000019,2,23,163,1252,2654,188
"852",8583815059,"4/14/2016",3135,2.450000048,0,0,2.430000067,0,0,134,1306,2443,134
"853",8583815059,"4/15/2016",3430,2.680000067,0,0,0.8999999762,0,0,65,1375,2505,65
"854",8583815059,"4/16/2016",5319,4.150000095,0,0,0,0,0,0,1440,2693,0
"855",8583815059,"4/17/2016",3008,2.349999905,0,0,0,0,0,0,1440,2439,0
"856",8583815059,"4/18/2016",3864,3.00999999,0.3100000024,1.059999943,1.350000024,4,22,105,1309,2536,131
"857",8583815059,"4/19/2016",5697,4.440000057,0.5299999714,0.4799999893,3.440000057,7,10,166,1257,2668,183
"858",8583815059,"4/20/2016",5273,4.110000134,0,1.039999962,3.069999933,0,27,167,1246,2647,194
"859",8583815059,"4/21/2016",8538,6.659999847,2.630000114,1.019999981,3.00999999,35,18,158,1229,2883,211
"860",8583815059,"4/22/2016",8687,6.78000021,0.2899999917,2.410000086,4.079999924,4,54,212,1170,2944,270
"861",8583815059,"4/23/2016",9423,7.349999905,0.5299999714,2.029999971,4.75,7,44,238,1151,3012,289
"862",8583815059,"4/24/2016",8286,6.460000038,0.150000006,2.049999952,4.269999981,2,44,206,1188,2889,252
"863",8583815059,"4/25/2016",4503,3.50999999,1.470000029,0.2399999946,1.809999943,18,6,122,1294,2547,146
"864",8583815059,"4/26/2016",10499,8.18999958,0.0700000003,4.21999979,3.890000105,1,91,214,1134,3093,306
"865",8583815059,"4/27/2016",12474,9.729999542,6.599999905,0.2700000107,2.869999886,77,5,129,1229,3142,211
"866",8583815059,"4/28/2016",6174,4.820000172,0,1.200000048,3.609999895,0,28,203,1209,2757,231
"867",8583815059,"4/29/2016",15168,11.82999992,3.900000095,3,4.920000076,46,67,258,1069,3513,371
"868",8583815059,"4/30/2016",10085,7.869999886,0.150000006,1.279999971,6.429999828,2,28,317,1093,3164,347
"869",8583815059,"5/01/2016",4512,3.519999981,0.7799999714,0.1199999973,2.039999962,10,2,117,1311,2596,129
"870",8583815059,"5/02/2016",8469,6.610000134,0,0,0,0,0,0,1440,2894,0
"871",8583815059,"5/03/2016",12015,9.369999886,0,0,0,0,0,0,1440,3212,0
"872",8583815059,"5/04/2016",3588,2.799999952,0,0,0,0,0,0,1440,2516,0
"873",8583815059,"5/05/2016",12427,9.68999958,0,0,1.179999948,0,0,70,1370,3266,70
"874",8583815059,"5/06/2016",5843,4.559999943,0.1400000006,1.190000057,3.230000019,2,22,166,1250,2683,190
"875",8583815059,"5/07/2016",6117,4.769999981,0,0,4.769999981,0,0,250,1190,2810,250
"876",8583815059,"5/08/2016",9217,7.190000057,0.2199999988,3.309999943,3.660000086,3,72,182,1183,2940,257
"877",8583815059,"5/09/2016",9877,7.699999809,5.760000229,0.1700000018,1.730000019,66,4,110,1260,2947,180
"878",8583815059,"5/10/2016",8240,6.429999828,0.6899999976,2.00999999,3.720000029,9,43,162,1226,2846,214
"879",8583815059,"5/11/2016",8701,6.789999962,0.3700000048,3.24000001,3.170000076,5,71,177,1106,2804,253
"880",8583815059,"5/12/2016",0,0,0,0,0,0,0,0,1440,0,0
"881",8792009665,"4/12/2016",2564,1.639999986,0,0,1.639999986,0,0,116,831,2044,116
"882",8792009665,"4/13/2016",1320,0.8399999738,0,0,0.8399999738,0,0,82,806,1934,82
"883",8792009665,"4/14/2016",1219,0.7799999714,0,0,0.7799999714,0,0,84,853,1963,84
"884",8792009665,"4/15/2016",2483,1.590000033,0,0,1.590000033,0,0,126,937,2009,126
"885",8792009665,"4/16/2016",244,0.1599999964,0,0,0.1599999964,0,0,12,1428,1721,12
"886",8792009665,"4/17/2016",0,0,0,0,0,0,0,0,1440,1688,0
"887",8792009665,"4/18/2016",0,0,0,0,0,0,0,0,1440,1688,0
"888",8792009665,"4/19/2016",0,0,0,0,0,0,0,0,1440,1688,0
"889",8792009665,"4/20/2016",3147,2.00999999,0,0.2800000012,1.74000001,0,10,139,744,2188,149
"890",8792009665,"4/21/2016",144,0.09000000358,0,0,0.09000000358,0,0,9,1431,1720,9
"891",8792009665,"4/22/2016",4068,2.599999905,0.05000000075,0.2800000012,2.269999981,1,20,195,817,2419,216
"892",8792009665,"4/23/2016",5245,3.359999895,0.1599999964,0.4399999976,2.75,8,45,232,795,2748,285
"893",8792009665,"4/24/2016",400,0.2599999905,0.03999999911,0.05000000075,0.1599999964,3,8,19,1410,1799,30
"894",8792009665,"4/25/2016",0,0,0,0,0,0,0,0,1440,1688,0
"895",8792009665,"4/26/2016",1321,0.8500000238,0,0,0.8500000238,0,0,80,1360,1928,80
"896",8792009665,"4/27/2016",1758,1.129999995,0,0,1.129999995,0,0,112,900,2067,112
"897",8792009665,"4/28/2016",6157,3.940000057,0,0,3.940000057,0,0,310,714,2780,310
"898",8792009665,"4/29/2016",8360,5.349999905,0.1400000006,0.2800000012,4.929999828,6,14,380,634,3101,400
"899",8792009665,"4/30/2016",7174,4.590000153,0.3300000131,0.3600000143,3.910000086,10,20,301,749,2896,331
"900",8792009665,"5/01/2016",1619,1.039999962,0,0,1.039999962,0,0,79,834,1962,79
"901",8792009665,"5/02/2016",1831,1.169999957,0,0,1.169999957,0,0,101,916,2015,101
"902",8792009665,"5/03/2016",2421,1.549999952,0,0,1.549999952,0,0,156,739,2297,156
"903",8792009665,"5/04/2016",2283,1.460000038,0,0,1.460000038,0,0,129,848,2067,129
"904",8792009665,"5/05/2016",0,0,0,0,0,0,0,0,1440,1688,0
"905",8792009665,"5/06/2016",0,0,0,0,0,0,0,0,1440,1688,0
"906",8792009665,"5/07/2016",0,0,0,0,0,0,0,0,1440,1688,0
"907",8792009665,"5/08/2016",0,0,0,0,0,0,0,0,1440,1688,0
"908",8792009665,"5/09/2016",0,0,0,0,0,0,0,0,1440,1688,0
"909",8792009665,"5/10/2016",0,0,0,0,0,0,0,0,48,57,0
"910",8877689391,"4/12/2016",23186,20.39999962,12.22000027,0.3400000036,7.820000172,85,7,312,1036,3921,404
"911",8877689391,"4/13/2016",15337,9.579999924,3.549999952,0.3799999952,5.639999866,108,18,216,1098,3566,342
"912",8877689391,"4/14/2016",21129,18.97999954,10.55000019,0.5899999738,7.75,68,13,298,1061,3793,379
"913",8877689391,"4/15/2016",13422,7.170000076,0.05000000075,0.05000000075,7.010000229,106,1,281,1052,3934,388
"914",8877689391,"4/16/2016",29326,25.29000092,13.23999977,1.210000038,10.71000004,94,29,429,888,4547,552
"915",8877689391,"4/17/2016",15118,8.869999886,0,0.0700000003,8.789999962,58,15,307,1060,3545,380
"916",8877689391,"4/18/2016",11423,8.670000076,2.440000057,0.2700000107,5.940000057,29,5,191,1215,2761,225
"917",8877689391,"4/19/2016",18785,17.39999962,12.14999962,0.1800000072,5.03000021,82,13,214,1131,3676,309
"918",8877689391,"4/20/2016",19948,18.11000061,11.02000046,0.6899999976,6.340000153,73,19,225,1123,3679,317
"919",8877689391,"4/21/2016",19377,17.62000084,12.28999996,0.4199999869,4.889999866,82,13,226,1119,3659,321
"920",8877689391,"4/22/2016",18258,16.30999947,10.22999954,0.02999999933,5.96999979,61,2,236,1141,3427,299
"921",8877689391,"4/23/2016",11200,7.429999828,0,0,7.400000095,102,6,300,1032,3891,408
"922",8877689391,"4/24/2016",16674,15.73999977,11.01000023,0.009999999776,4.690000057,64,1,227,1148,3455,292
"923",8877689391,"4/25/2016",12986,8.739999771,2.369999886,0.0700000003,6.269999981,113,8,218,1101,3802,339
"924",8877689391,"4/26/2016",11101,8.430000305,1.75999999,0.1299999952,6.5,22,3,258,1157,2860,283
"925",8877689391,"4/27/2016",23629,20.64999962,13.06999969,0.4399999976,7.099999905,93,8,235,1104,3808,336
"926",8877689391,"4/28/2016",14890,11.30000019,4.929999828,0.3799999952,5.96999979,58,8,231,1143,3060,297
"927",8877689391,"4/29/2016",9733,7.389999866,1.379999995,0.1700000018,5.789999962,18,5,210,1207,2698,233
"928",8877689391,"4/30/2016",27745,26.71999931,21.65999985,0.07999999821,4.929999828,124,4,223,1089,4398,351
"929",8877689391,"5/01/2016",10930,8.319999695,3.130000114,0.5699999928,4.570000172,36,12,166,1226,2786,214
"930",8877689391,"5/02/2016",4790,3.640000105,0,0,3.559999943,0,0,105,1335,2189,105
"931",8877689391,"5/03/2016",10818,8.210000038,1.389999986,0.1000000015,6.670000076,19,3,229,1189,2817,251
"932",8877689391,"5/04/2016",18193,16.29999924,10.42000008,0.3100000024,5.53000021,66,8,212,1154,3477,286
"933",8877689391,"5/05/2016",14055,10.67000008,5.460000038,0.8199999928,4.369999886,67,15,188,1170,3052,270
"934",8877689391,"5/06/2016",21727,19.34000015,12.78999996,0.2899999917,6.159999847,96,17,232,1095,4015,345
"935",8877689391,"5/07/2016",12332,8.130000114,0.07999999821,0.9599999785,6.989999771,105,28,271,1036,4142,404
"936",8877689391,"5/08/2016",10686,8.109999657,1.080000043,0.200000003,6.800000191,17,4,245,1174,2847,266
"937",8877689391,"5/09/2016",20226,18.25,11.10000038,0.8000000119,6.239999771,73,19,217,1131,3710,309
"938",8877689391,"5/10/2016",10733,8.149999619,1.350000024,0.4600000083,6.28000021,18,11,224,1187,2832,253
"939",8877689391,"5/11/2016",21420,19.55999947,13.22000027,0.4099999964,5.889999866,88,12,213,1127,3832,313
"940",8877689391,"5/12/2016",8064,6.119999886,1.820000052,0.03999999911,4.25,23,1,137,770,1849,161
